16,40,10,190,559,220,266,31,1
16,40,10,190,571,220,266,31,1
16,40,10,190,330,40,51.3,31,2
16,40,10,190,336,40,51.3,31,2
16,40,10,190,559,210,270.6,31,3
16,40,10,190,571,210,270.6,31,3
16,40,10,190,445,180,232,31,4
16,40,10,190,463,180,232,31,4
16,40,10,190,468,180,232,31,4
16,40,10,190,559,290,362.8,31,5
16,40,10,190,571,290,362.8,31,5
16,40,10,190,275,20,290.2,31,6
16,40,10,190,289,20,290.2,31,6
16,40,10,190,295,20,290.2,31,6
16,40,10,190,312,20,290.2,31,6
16,40,20,240,559,270,345.5,31,7
16,40,30,280,571,270,345.5,31,7
16,40,10,190,559,210,271.5,31,9
16,40,10,190,571,210,271.5,31,9
16,40,10,190,330,100,118,31,10
16,40,10,190,336,100,118,31,10
16,40,10,190,559,200,258.5,31,11
16,40,10,190,571,200,258.5,31,11
16,40,10,190,330,70,79,31,12
16,40,10,190,336,70,79,31,12
16,40,10,190,559,180,229.5,31,13
16,40,10,190,571,180,229.5,31,13
16,40,10,190,445,50,63.9,31,14
16,40,10,190,463,50,63.9,31,14
16,40,20,240,468,50,63.9,31,14
16,40,10,190,559,180,231.8,31,15
16,40,10,190,571,180,231.8,31,15
16,40,10,190,445,120,165,31,16
16,40,10,190,463,120,165,31,16
16,40,10,190,468,120,165,31,16
16,40,30,280,559,330,414.8,31,17
16,40,40,300,571,330,414.8,31,17
16,40,10,190,312,9,149.8,31,18
16,40,10,190,316,9,149.8,31,18
16,40,10,190,330,9,149.8,31,18
16,40,10,190,559,140,172,31,19
16,40,10,190,571,140,172,31,19
16,40,10,190,851,270,674.3,32,1
16,40,10,190,341,50,59,32,2
16,40,10,190,359,50,59,32,2
16,40,10,190,377,50,59,32,2
16,40,20,240,851,260,738.5,32,3
16,40,10,190,716,160,209,32,4
16,40,10,190,734,160,209,32,4
16,40,10,190,749,160,209,32,4
16,40,10,190,851,230,583.2,32,5
16,40,10,190,392,10,156.8,32,6
16,40,10,190,410,10,156.8,32,6
16,40,50,310,851,280,734.3,32,7
16,40,10,190,392,7,69.5,32,8
16,40,10,190,851,110,277.1,32,9
16,40,10,190,530,110,132,32,10
16,40,10,190,545,110,132,32,10
16,40,10,190,563,110,132,32,10
16,40,10,190,851,190,549.6,32,11
16,40,10,190,512,100,120,32,12
16,40,10,190,530,100,120,32,12
16,40,10,190,545,100,120,32,12
16,40,30,280,851,250,637.4,32,13
16,40,10,190,423,30,40,32,14
16,40,10,190,437,30,40,32,14
16,40,10,190,443,30,40,32,14
16,40,10,190,460,30,40,32,14
16,40,10,190,478,30,40,32,14
16,40,10,190,851,250,637.2,32,15
16,40,10,190,716,130,176,32,16
16,40,10,190,734,130,176,32,16
16,40,10,190,749,130,176,32,16
16,40,40,300,851,270,688.8,32,17
16,40,10,190,494,10,141.9,32,18
16,40,10,190,512,10,141.9,32,18
16,40,10,190,530,10,141.9,32,18
16,40,40,300,851,320,727.2,32,19
16,40,10,190,392,5,51.2,32,20
16,40,10,190,851,280,752.3,33,1
16,40,10,190,309,50,64.3,33,2
16,40,10,190,327,50,64.3,33,2
16,40,10,190,341,50,64.3,33,2
16,40,10,190,359,50,64.3,33,2
16,40,30,280,851,290,803.4,33,3
16,40,10,190,716,150,193,33,4
16,40,10,190,734,150,193,33,4
16,40,10,190,749,150,193,33,4
16,40,10,190,851,270,680.4,33,5
16,40,10,190,460,10,190.3,33,6
16,40,10,190,478,10,190.3,33,6
16,40,10,190,494,10,190.3,33,6
16,40,30,280,851,230,639.3,33,7
16,40,10,190,341,3,23.9,33,8
16,40,10,190,359,3,23.9,33,8
16,40,10,190,377,3,23.9,33,8
16,40,40,300,851,320,820.8,33,9
16,40,10,190,512,90,118,33,10
16,40,10,190,530,90,118,33,10
16,40,10,190,545,90,118,33,10
16,40,10,190,851,220,576.5,33,11
16,40,10,190,512,100,133.4,33,12
16,40,10,190,530,100,133.4,33,12
16,40,10,190,545,100,133.4,33,12
16,40,30,280,851,260,713.7,33,13
16,40,10,190,392,40,58.4,33,14
16,40,10,190,410,40,58.4,33,14
16,40,20,240,851,320,729.6,33,15
16,40,10,190,716,120,157,33,16
16,40,10,190,734,120,157,33,16
16,40,10,190,749,120,157,33,16
16,40,30,280,851,280,701.6,33,17
16,40,10,190,359,10,174.7,33,18
16,40,10,190,377,10,174.7,33,18
16,40,10,190,392,10,174.7,33,18
16,40,30,280,851,290,804.2,33,19
16,40,10,190,850,170,235.3,34,1
16,40,10,190,459,30,38.8,34,2
16,40,10,190,477,30,38.8,34,2
16,40,10,190,493,30,38.8,34,2
16,40,10,190,850,130,182.6,34,3
16,40,10,190,715,150,184,34,4
16,40,10,190,733,150,184,34,4
16,40,10,190,748,150,184,34,4
16,40,10,190,850,200,262.8,34,5
16,40,10,190,511,8,131.6,34,6
16,40,10,190,529,8,131.6,34,6
16,40,10,190,544,8,131.6,34,6
16,40,20,240,850,240,317.5,34,7
16,40,10,190,391,3,32.1,34,8
16,40,10,190,850,220,288.7,34,9
16,40,10,190,511,70,88.6,34,10
16,40,10,190,529,70,88.6,34,10
16,40,10,190,544,70,88.6,34,10
16,40,10,190,850,180,243.7,34,11
16,40,10,190,511,70,87.5,34,12
16,40,10,190,529,70,87.5,34,12
16,40,10,190,544,70,87.5,34,12
16,40,30,280,850,260,344.7,34,13
16,40,10,190,289,50,58.3,34,14
16,40,10,190,308,50,58.3,34,14
16,40,10,190,326,50,58.3,34,14
16,40,20,240,850,340,439.8,34,15
16,40,10,190,715,160,213,34,16
16,40,10,190,733,160,213,34,16
16,40,10,190,748,160,213,34,16
16,40,10,190,850,220,295.6,34,17
16,40,10,190,308,9,138.7,34,18
16,40,10,190,326,9,138.7,34,18
16,40,10,190,340,9,138.7,34,18
16,40,40,300,850,320,422.1,34,19
16,40,10,190,289,3,47.2,34,20
16,40,10,190,308,3,47.2,34,20
16,40,10,190,326,3,47.2,34,20
15,41,10,180,572,220,266,31,1
15,41,10,180,354,40,51.3,31,2
15,41,10,180,372,40,51.3,31,2
15,41,10,180,390,40,51.3,31,2
15,41,10,180,572,210,270.6,31,3
15,41,10,180,486,180,232,31,4
15,41,10,180,504,180,232,31,4
15,41,10,180,510,180,232,31,4
15,41,10,180,572,290,362.8,31,5
15,41,10,180,316,20,290.2,31,6
15,41,10,180,330,20,290.2,31,6
15,41,10,180,336,20,290.2,31,6
15,41,30,260,572,270,345.5,31,7
15,41,20,220,572,210,271.5,31,9
15,41,10,180,354,100,118,31,10
15,41,10,180,372,100,118,31,10
15,41,10,180,390,100,118,31,10
15,41,10,180,572,200,258.5,31,11
15,41,10,180,354,70,79,31,12
15,41,10,180,372,70,79,31,12
15,41,10,180,390,70,79,31,12
15,41,10,180,572,180,229.5,31,13
15,41,20,220,486,50,63.9,31,14
15,41,20,220,504,50,63.9,31,14
15,41,30,260,510,50,63.9,31,14
15,41,10,180,572,180,231.8,31,15
15,41,10,180,486,120,165,31,16
15,41,10,180,504,120,165,31,16
15,41,10,180,510,120,165,31,16
15,41,50,300,572,330,414.8,31,17
15,41,10,180,336,9,149.8,31,18
15,41,10,180,572,140,172,31,19
15,41,10,180,854,270,674.3,32,1
15,41,10,180,872,270,674.3,32,1
15,41,10,180,890,270,674.3,32,1
15,41,10,180,392,50,59,32,2
15,41,10,180,410,50,59,32,2
15,41,20,220,854,260,738.5,32,3
15,41,30,260,872,260,738.5,32,3
15,41,30,260,890,260,738.5,32,3
15,41,10,180,767,160,209,32,4
15,41,10,180,785,160,209,32,4
15,41,10,180,800,160,209,32,4
15,41,10,180,854,230,583.2,32,5
15,41,10,180,872,230,583.2,32,5
15,41,10,180,890,230,583.2,32,5
15,41,10,180,423,10,156.8,32,6
15,41,10,180,437,10,156.8,32,6
15,41,10,180,443,10,156.8,32,6
15,41,10,180,460,10,156.8,32,6
15,41,10,180,478,10,156.8,32,6
15,41,50,300,854,280,734.3,32,7
15,41,60,310,872,280,734.3,32,7
15,41,70,320,890,280,734.3,32,7
15,41,10,180,854,110,277.1,32,9
15,41,10,180,872,110,277.1,32,9
15,41,10,180,890,110,277.1,32,9
15,41,10,180,581,110,132,32,10
15,41,10,180,596,110,132,32,10
15,41,10,180,614,110,132,32,10
15,41,10,180,854,190,549.6,32,11
15,41,10,180,872,190,549.6,32,11
15,41,10,180,890,190,549.6,32,11
15,41,10,180,563,100,120,32,12
15,41,10,180,581,100,120,32,12
15,41,10,180,596,100,120,32,12
15,41,30,260,854,250,637.4,32,13
15,41,40,280,872,250,637.4,32,13
15,41,40,280,890,250,637.4,32,13
15,41,10,180,494,30,40,32,14
15,41,10,180,512,30,40,32,14
15,41,10,180,530,30,40,32,14
15,41,10,180,854,250,637.2,32,15
15,41,10,180,872,250,637.2,32,15
15,41,10,180,890,250,637.2,32,15
15,41,10,180,767,130,176,32,16
15,41,10,180,785,130,176,32,16
15,41,10,180,800,130,176,32,16
15,41,40,280,854,270,688.8,32,17
15,41,50,300,872,270,688.8,32,17
15,41,50,300,890,270,688.8,32,17
15,41,10,180,545,10,141.9,32,18
15,41,10,180,563,10,141.9,32,18
15,41,10,180,581,10,141.9,32,18
15,41,40,280,854,320,727.2,32,19
15,41,50,300,872,320,727.2,32,19
15,41,60,310,890,320,727.2,32,19
15,41,10,180,854,280,752.3,33,1
15,41,20,220,872,280,752.3,33,1
15,41,20,220,890,280,752.3,33,1
15,41,10,180,377,50,64.3,33,2
15,41,10,180,392,50,64.3,33,2
15,41,10,180,410,50,64.3,33,2
15,41,40,280,854,290,803.4,33,3
15,41,50,300,872,290,803.4,33,3
15,41,50,300,890,290,803.4,33,3
15,41,10,180,767,150,193,33,4
15,41,10,180,785,150,193,33,4
15,41,10,180,800,150,193,33,4
15,41,10,180,854,270,680.4,33,5
15,41,10,180,872,270,680.4,33,5
15,41,10,180,890,270,680.4,33,5
15,41,10,180,512,10,190.3,33,6
15,41,10,180,530,10,190.3,33,6
15,41,10,180,545,10,190.3,33,6
15,41,40,280,854,230,639.3,33,7
15,41,50,300,872,230,639.3,33,7
15,41,50,300,890,230,639.3,33,7
15,41,10,180,392,3,23.9,33,8
15,41,50,300,854,320,820.8,33,9
15,41,60,310,872,320,820.8,33,9
15,41,60,310,890,320,820.8,33,9
15,41,10,180,563,90,118,33,10
15,41,10,180,581,90,118,33,10
15,41,10,180,596,90,118,33,10
15,41,10,180,854,220,576.5,33,11
15,41,10,180,872,220,576.5,33,11
15,41,10,180,890,220,576.5,33,11
15,41,10,180,563,100,133.4,33,12
15,41,10,180,581,100,133.4,33,12
15,41,10,180,596,100,133.4,33,12
15,41,40,280,854,260,713.7,33,13
15,41,40,280,872,260,713.7,33,13
15,41,40,280,890,260,713.7,33,13
15,41,10,180,423,40,58.4,33,14
15,41,10,180,437,40,58.4,33,14
15,41,10,180,443,40,58.4,33,14
15,41,10,180,460,40,58.4,33,14
15,41,10,180,478,40,58.4,33,14
15,41,30,260,854,320,729.6,33,15
15,41,30,260,872,320,729.6,33,15
15,41,30,260,890,320,729.6,33,15
15,41,10,180,767,120,157,33,16
15,41,10,180,785,120,157,33,16
15,41,10,180,800,120,157,33,16
15,41,40,280,854,280,701.6,33,17
15,41,50,300,872,280,701.6,33,17
15,41,50,300,890,280,701.6,33,17
15,41,10,180,410,10,174.7,33,18
15,41,10,180,423,10,174.7,33,18
15,41,10,180,437,10,174.7,33,18
15,41,10,180,443,10,174.7,33,18
15,41,40,280,854,290,804.2,33,19
15,41,40,280,872,290,804.2,33,19
15,41,40,280,890,290,804.2,33,19
15,41,10,180,853,170,235.3,34,1
15,41,10,180,871,170,235.3,34,1
15,41,10,180,889,170,235.3,34,1
15,41,10,180,511,30,38.8,34,2
15,41,10,180,529,30,38.8,34,2
15,41,10,180,544,30,38.8,34,2
15,41,10,180,853,130,182.6,34,3
15,41,10,180,871,130,182.6,34,3
15,41,10,180,889,130,182.6,34,3
15,41,10,180,766,150,184,34,4
15,41,10,180,784,150,184,34,4
15,41,10,180,799,150,184,34,4
15,41,10,180,853,200,262.8,34,5
15,41,10,180,871,200,262.8,34,5
15,41,10,180,889,200,262.8,34,5
15,41,10,180,562,8,131.6,34,6
15,41,10,180,580,8,131.6,34,6
15,41,10,180,595,8,131.6,34,6
15,41,30,260,853,240,317.5,34,7
15,41,30,260,871,240,317.5,34,7
15,41,30,260,889,240,317.5,34,7
15,41,20,220,853,220,288.7,34,9
15,41,20,220,871,220,288.7,34,9
15,41,20,220,889,220,288.7,34,9
15,41,10,180,562,70,88.6,34,10
15,41,10,180,580,70,88.6,34,10
15,41,10,180,595,70,88.6,34,10
15,41,10,180,853,180,243.7,34,11
15,41,10,180,871,180,243.7,34,11
15,41,10,180,889,180,243.7,34,11
15,41,10,180,562,70,87.5,34,12
15,41,10,180,580,70,87.5,34,12
15,41,10,180,595,70,87.5,34,12
15,41,40,280,853,260,344.7,34,13
15,41,50,300,871,260,344.7,34,13
15,41,50,300,889,260,344.7,34,13
15,41,10,180,340,50,58.3,34,14
15,41,10,180,358,50,58.3,34,14
15,41,10,180,376,50,58.3,34,14
15,41,30,260,853,340,439.8,34,15
15,41,30,260,871,340,439.8,34,15
15,41,30,260,889,340,439.8,34,15
15,41,10,180,766,160,213,34,16
15,41,10,180,784,160,213,34,16
15,41,10,180,799,160,213,34,16
15,41,20,220,853,220,295.6,34,17
15,41,20,220,871,220,295.6,34,17
15,41,20,220,889,220,295.6,34,17
15,41,10,180,358,9,138.7,34,18
15,41,10,180,376,9,138.7,34,18
15,41,10,180,391,9,138.7,34,18
15,41,50,300,853,320,422.1,34,19
15,41,60,310,871,320,422.1,34,19
15,41,60,310,889,320,422.1,34,19
15,41,10,180,340,3,47.2,34,20
15,41,10,180,358,3,47.2,34,20
15,41,10,180,376,3,47.2,34,20
14,42,10,160,586,220,266,31,1
14,42,10,160,596,220,266,31,1
14,42,10,160,602,220,266,31,1
14,42,10,160,391,40,51.3,31,2
14,42,10,160,396,40,51.3,31,2
14,42,10,160,414,40,51.3,31,2
14,42,10,160,586,210,270.6,31,3
14,42,10,160,596,210,270.6,31,3
14,42,10,160,602,210,270.6,31,3
14,42,10,160,526,180,232,31,4
14,42,10,160,533,180,232,31,4
14,42,10,160,586,290,362.8,31,5
14,42,10,160,596,290,362.8,31,5
14,42,10,160,602,290,362.8,31,5
14,42,10,160,354,20,290.2,31,6
14,42,10,160,372,20,290.2,31,6
14,42,40,260,586,270,345.5,31,7
14,42,40,260,596,270,345.5,31,7
14,42,40,260,602,270,345.5,31,7
14,42,20,210,586,210,271.5,31,9
14,42,20,210,596,210,271.5,31,9
14,42,20,210,602,210,271.5,31,9
14,42,10,160,391,100,118,31,10
14,42,10,160,396,100,118,31,10
14,42,10,160,414,100,118,31,10
14,42,10,160,586,200,258.5,31,11
14,42,10,160,596,200,258.5,31,11
14,42,10,160,602,200,258.5,31,11
14,42,10,160,391,70,79,31,12
14,42,10,160,396,70,79,31,12
14,42,10,160,414,70,79,31,12
14,42,20,210,586,180,229.5,31,13
14,42,20,210,596,180,229.5,31,13
14,42,20,210,602,180,229.5,31,13
14,42,30,240,526,50,63.9,31,14
14,42,30,240,533,50,63.9,31,14
14,42,10,160,586,180,231.8,31,15
14,42,10,160,596,180,231.8,31,15
14,42,10,160,602,180,231.8,31,15
14,42,10,160,526,120,165,31,16
14,42,10,160,533,120,165,31,16
14,42,60,290,586,330,414.8,31,17
14,42,60,290,596,330,414.8,31,17
14,42,60,290,602,330,414.8,31,17
14,42,10,160,354,9,149.8,31,18
14,42,10,160,372,9,149.8,31,18
14,42,10,160,390,9,149.8,31,18
14,42,10,160,586,140,172,31,19
14,42,10,160,596,140,172,31,19
14,42,10,160,602,140,172,31,19
14,42,10,160,902,270,674.3,32,1
14,42,10,160,920,270,674.3,32,1
14,42,10,160,938,270,674.3,32,1
14,42,10,160,423,50,59,32,2
14,42,10,160,437,50,59,32,2
14,42,10,160,443,50,59,32,2
14,42,10,160,460,50,59,32,2
14,42,10,160,478,50,59,32,2
14,42,30,240,902,260,738.5,32,3
14,42,40,260,920,260,738.5,32,3
14,42,40,260,938,260,738.5,32,3
14,42,10,160,818,160,209,32,4
14,42,10,160,836,160,209,32,4
14,42,10,160,851,160,209,32,4
14,42,10,160,902,230,583.2,32,5
14,42,10,160,920,230,583.2,32,5
14,42,10,160,938,230,583.2,32,5
14,42,10,160,494,10,156.8,32,6
14,42,10,160,512,10,156.8,32,6
14,42,10,160,530,10,156.8,32,6
14,42,60,290,902,280,734.3,32,7
14,42,80,310,920,280,734.3,32,7
14,42,80,310,938,280,734.3,32,7
14,42,10,160,902,110,277.1,32,9
14,42,10,160,920,110,277.1,32,9
14,42,10,160,938,110,277.1,32,9
14,42,10,160,632,110,132,32,10
14,42,10,160,647,110,132,32,10
14,42,10,160,665,110,132,32,10
14,42,10,160,902,190,549.6,32,11
14,42,10,160,920,190,549.6,32,11
14,42,10,160,938,190,549.6,32,11
14,42,10,160,614,100,120,32,12
14,42,10,160,632,100,120,32,12
14,42,10,160,647,100,120,32,12
14,42,30,240,902,250,637.4,32,13
14,42,40,260,920,250,637.4,32,13
14,42,40,260,938,250,637.4,32,13
14,42,10,160,545,30,40,32,14
14,42,10,160,563,30,40,32,14
14,42,10,160,581,30,40,32,14
14,42,10,160,902,250,637.2,32,15
14,42,20,210,920,250,637.2,32,15
14,42,20,210,938,250,637.2,32,15
14,42,10,160,818,130,176,32,16
14,42,10,160,836,130,176,32,16
14,42,10,160,851,130,176,32,16
14,42,40,260,902,270,688.8,32,17
14,42,50,280,920,270,688.8,32,17
14,42,60,290,938,270,688.8,32,17
14,42,10,160,596,10,141.9,32,18
14,42,10,160,614,10,141.9,32,18
14,42,10,160,632,10,141.9,32,18
14,42,50,280,902,320,727.2,32,19
14,42,60,290,920,320,727.2,32,19
14,42,70,300,938,320,727.2,32,19
14,42,20,210,902,280,752.3,33,1
14,42,30,240,920,280,752.3,33,1
14,42,30,240,938,280,752.3,33,1
14,42,10,160,423,50,64.3,33,2
14,42,10,160,437,50,64.3,33,2
14,42,10,160,443,50,64.3,33,2
14,42,60,290,902,290,803.4,33,3
14,42,60,290,920,290,803.4,33,3
14,42,60,290,938,290,803.4,33,3
14,42,10,160,818,150,193,33,4
14,42,10,160,836,150,193,33,4
14,42,10,160,851,150,193,33,4
14,42,10,160,902,270,680.4,33,5
14,42,20,210,920,270,680.4,33,5
14,42,20,210,938,270,680.4,33,5
14,42,10,160,563,10,190.3,33,6
14,42,10,160,581,10,190.3,33,6
14,42,10,160,596,10,190.3,33,6
14,42,50,280,902,230,639.3,33,7
14,42,60,290,920,230,639.3,33,7
14,42,60,290,938,230,639.3,33,7
14,42,60,290,902,320,820.8,33,9
14,42,70,300,920,320,820.8,33,9
14,42,70,300,938,320,820.8,33,9
14,42,10,160,614,90,118,33,10
14,42,10,160,632,90,118,33,10
14,42,10,160,647,90,118,33,10
14,42,10,160,902,220,576.5,33,11
14,42,10,160,920,220,576.5,33,11
14,42,10,160,938,220,576.5,33,11
14,42,10,160,614,100,133.4,33,12
14,42,10,160,632,100,133.4,33,12
14,42,10,160,647,100,133.4,33,12
14,42,50,280,902,260,713.7,33,13
14,42,50,280,920,260,713.7,33,13
14,42,60,290,938,260,713.7,33,13
14,42,10,160,494,40,58.4,33,14
14,42,10,160,512,40,58.4,33,14
14,42,10,160,530,40,58.4,33,14
14,42,30,240,902,320,729.6,33,15
14,42,40,260,920,320,729.6,33,15
14,42,40,260,938,320,729.6,33,15
14,42,10,160,818,120,157,33,16
14,42,10,160,836,120,157,33,16
14,42,10,160,851,120,157,33,16
14,42,50,280,902,280,701.6,33,17
14,42,60,290,920,280,701.6,33,17
14,42,60,290,938,280,701.6,33,17
14,42,10,160,460,10,174.7,33,18
14,42,10,160,478,10,174.7,33,18
14,42,10,160,494,10,174.7,33,18
14,42,50,280,902,290,804.2,33,19
14,42,50,280,920,290,804.2,33,19
14,42,60,290,938,290,804.2,33,19
14,42,10,160,901,170,235.3,34,1
14,42,10,160,919,170,235.3,34,1
14,42,10,160,937,170,235.3,34,1
14,42,10,160,562,30,38.8,34,2
14,42,10,160,580,30,38.8,34,2
14,42,10,160,595,30,38.8,34,2
14,42,10,160,901,130,182.6,34,3
14,42,10,160,919,130,182.6,34,3
14,42,10,160,937,130,182.6,34,3
14,42,10,160,817,150,184,34,4
14,42,10,160,835,150,184,34,4
14,42,10,160,850,150,184,34,4
14,42,10,160,901,200,262.8,34,5
14,42,10,160,919,200,262.8,34,5
14,42,10,160,937,200,262.8,34,5
14,42,10,160,613,8,131.6,34,6
14,42,10,160,631,8,131.6,34,6
14,42,10,160,646,8,131.6,34,6
14,42,40,260,901,240,317.5,34,7
14,42,40,260,919,240,317.5,34,7
14,42,50,280,937,240,317.5,34,7
14,42,20,210,901,220,288.7,34,9
14,42,30,240,919,220,288.7,34,9
14,42,30,240,937,220,288.7,34,9
14,42,10,160,613,70,88.6,34,10
14,42,10,160,631,70,88.6,34,10
14,42,10,160,646,70,88.6,34,10
14,42,10,160,901,180,243.7,34,11
14,42,10,160,919,180,243.7,34,11
14,42,10,160,937,180,243.7,34,11
14,42,10,160,613,70,87.5,34,12
14,42,10,160,631,70,87.5,34,12
14,42,10,160,646,70,87.5,34,12
14,42,60,290,901,260,344.7,34,13
14,42,70,300,919,260,344.7,34,13
14,42,70,300,937,260,344.7,34,13
14,42,10,160,391,50,58.3,34,14
14,42,10,160,409,50,58.3,34,14
14,42,10,160,422,50,58.3,34,14
14,42,30,240,901,340,439.8,34,15
14,42,40,260,919,340,439.8,34,15
14,42,40,260,937,340,439.8,34,15
14,42,10,160,817,160,213,34,16
14,42,10,160,835,160,213,34,16
14,42,10,160,850,160,213,34,16
14,42,20,210,901,220,295.6,34,17
14,42,30,240,919,220,295.6,34,17
14,42,30,240,937,220,295.6,34,17
14,42,10,160,409,9,138.7,34,18
14,42,10,160,422,9,138.7,34,18
14,42,10,160,436,9,138.7,34,18
14,42,10,160,442,9,138.7,34,18
14,42,60,290,901,320,422.1,34,19
14,42,70,300,919,320,422.1,34,19
14,42,80,310,937,320,422.1,34,19
14,42,10,160,391,3,47.2,34,20
13,43,10,140,614,220,266,31,1
13,43,10,140,619,220,266,31,1
13,43,10,140,427,40,51.3,31,2
13,43,10,140,445,40,51.3,31,2
13,43,10,140,463,40,51.3,31,2
13,43,20,190,614,210,270.6,31,3
13,43,20,190,619,210,270.6,31,3
13,43,10,140,550,180,232,31,4
13,43,10,140,559,180,232,31,4
13,43,10,140,571,180,232,31,4
13,43,10,140,614,290,362.8,31,5
13,43,20,190,619,290,362.8,31,5
13,43,10,140,390,20,290.2,31,6
13,43,10,140,391,20,290.2,31,6
13,43,10,140,396,20,290.2,31,6
13,43,40,240,614,270,345.5,31,7
13,43,50,260,619,270,345.5,31,7
13,43,20,190,614,210,271.5,31,9
13,43,20,190,619,210,271.5,31,9
13,43,10,140,427,100,118,31,10
13,43,10,140,445,100,118,31,10
13,43,10,140,463,100,118,31,10
13,43,10,140,614,200,258.5,31,11
13,43,10,140,619,200,258.5,31,11
13,43,10,140,427,70,79,31,12
13,43,10,140,445,70,79,31,12
13,43,10,140,463,70,79,31,12
13,43,20,190,614,180,229.5,31,13
13,43,20,190,619,180,229.5,31,13
13,43,40,240,550,50,63.9,31,14
13,43,40,240,559,50,63.9,31,14
13,43,40,240,571,50,63.9,31,14
13,43,10,140,614,180,231.8,31,15
13,43,10,140,619,180,231.8,31,15
13,43,10,140,550,120,165,31,16
13,43,10,140,559,120,165,31,16
13,43,10,140,571,120,165,31,16
13,43,70,280,614,330,414.8,31,17
13,43,70,280,619,330,414.8,31,17
13,43,10,140,391,9,149.8,31,18
13,43,10,140,396,9,149.8,31,18
13,43,10,140,414,9,149.8,31,18
13,43,10,140,427,9,149.8,31,18
13,43,10,140,614,140,172,31,19
13,43,10,140,619,140,172,31,19
13,43,20,190,953,270,674.3,32,1
13,43,20,190,971,270,674.3,32,1
13,43,30,220,989,270,674.3,32,1
13,43,10,140,494,50,59,32,2
13,43,10,140,512,50,59,32,2
13,43,10,140,530,50,59,32,2
13,43,40,240,953,260,738.5,32,3
13,43,50,260,971,260,738.5,32,3
13,43,50,260,989,260,738.5,32,3
13,43,10,140,854,160,209,32,4
13,43,10,140,953,230,583.2,32,5
13,43,20,190,971,230,583.2,32,5
13,43,20,190,989,230,583.2,32,5
13,43,10,140,545,10,156.8,32,6
13,43,10,140,563,10,156.8,32,6
13,43,10,140,581,10,156.8,32,6
13,43,80,290,953,280,734.3,32,7
13,43,90,300,971,280,734.3,32,7
13,43,90,300,989,280,734.3,32,7
13,43,10,140,953,110,277.1,32,9
13,43,10,140,971,110,277.1,32,9
13,43,10,140,989,110,277.1,32,9
13,43,10,140,683,110,132,32,10
13,43,10,140,698,110,132,32,10
13,43,10,140,716,110,132,32,10
13,43,10,140,953,190,549.6,32,11
13,43,10,140,971,190,549.6,32,11
13,43,10,140,989,190,549.6,32,11
13,43,10,140,665,100,120,32,12
13,43,10,140,683,100,120,32,12
13,43,40,240,953,250,637.4,32,13
13,43,50,260,971,250,637.4,32,13
13,43,50,260,989,250,637.4,32,13
13,43,10,140,596,30,40,32,14
13,43,10,140,614,30,40,32,14
13,43,10,140,632,30,40,32,14
13,43,20,190,953,250,637.2,32,15
13,43,30,220,971,250,637.2,32,15
13,43,30,220,989,250,637.2,32,15
13,43,10,140,854,130,176,32,16
13,43,60,270,953,270,688.8,32,17
13,43,80,290,971,270,688.8,32,17
13,43,70,280,989,270,688.8,32,17
13,43,10,140,647,10,141.9,32,18
13,43,10,140,665,10,141.9,32,18
13,43,10,140,683,10,141.9,32,18
13,43,80,290,953,320,727.2,32,19
13,43,90,300,971,320,727.2,32,19
13,43,90,300,989,320,727.2,32,19
13,43,30,220,953,280,752.3,33,1
13,43,40,240,971,280,752.3,33,1
13,43,40,240,989,280,752.3,33,1
13,43,10,140,460,50,64.3,33,2
13,43,10,140,478,50,64.3,33,2
13,43,10,140,494,50,64.3,33,2
13,43,10,140,512,50,64.3,33,2
13,43,70,280,953,290,803.4,33,3
13,43,80,290,971,290,803.4,33,3
13,43,80,290,989,290,803.4,33,3
13,43,10,140,854,150,193,33,4
13,43,30,220,953,270,680.4,33,5
13,43,30,220,971,270,680.4,33,5
13,43,40,240,989,270,680.4,33,5
13,43,10,140,614,10,190.3,33,6
13,43,10,140,632,10,190.3,33,6
13,43,10,140,647,10,190.3,33,6
13,43,60,270,953,230,639.3,33,7
13,43,70,280,971,230,639.3,33,7
13,43,70,280,989,230,639.3,33,7
13,43,80,290,953,320,820.8,33,9
13,43,80,290,971,320,820.8,33,9
13,43,90,300,989,320,820.8,33,9
13,43,10,140,665,90,118,33,10
13,43,10,140,683,90,118,33,10
13,43,10,140,953,220,576.5,33,11
13,43,10,140,971,220,576.5,33,11
13,43,20,190,989,220,576.5,33,11
13,43,10,140,665,100,133.4,33,12
13,43,10,140,683,100,133.4,33,12
13,43,60,270,953,260,713.7,33,13
13,43,70,280,971,260,713.7,33,13
13,43,70,280,989,260,713.7,33,13
13,43,10,140,545,40,58.4,33,14
13,43,10,140,563,40,58.4,33,14
13,43,10,140,581,40,58.4,33,14
13,43,40,240,953,320,729.6,33,15
13,43,50,260,971,320,729.6,33,15
13,43,50,260,989,320,729.6,33,15
13,43,10,140,854,120,157,33,16
13,43,60,270,953,280,701.6,33,17
13,43,70,280,971,280,701.6,33,17
13,43,80,290,989,280,701.6,33,17
13,43,10,140,512,10,174.7,33,18
13,43,10,140,530,10,174.7,33,18
13,43,10,140,545,10,174.7,33,18
13,43,70,280,953,290,804.2,33,19
13,43,80,290,971,290,804.2,33,19
13,43,90,300,989,290,804.2,33,19
13,43,10,140,952,170,235.3,34,1
13,43,10,140,970,170,235.3,34,1
13,43,10,140,988,170,235.3,34,1
13,43,10,140,613,30,38.8,34,2
13,43,10,140,631,30,38.8,34,2
13,43,10,140,646,30,38.8,34,2
13,43,10,140,952,130,182.6,34,3
13,43,10,140,970,130,182.6,34,3
13,43,10,140,988,130,182.6,34,3
13,43,10,140,853,150,184,34,4
13,43,10,140,952,200,262.8,34,5
13,43,10,140,970,200,262.8,34,5
13,43,10,140,988,200,262.8,34,5
13,43,10,140,664,8,131.6,34,6
13,43,10,140,682,8,131.6,34,6
13,43,50,260,952,240,317.5,34,7
13,43,60,270,970,240,317.5,34,7
13,43,60,270,988,240,317.5,34,7
13,43,40,240,952,220,288.7,34,9
13,43,40,240,970,220,288.7,34,9
13,43,50,260,988,220,288.7,34,9
13,43,10,140,664,70,88.6,34,10
13,43,10,140,682,70,88.6,34,10
13,43,10,140,952,180,243.7,34,11
13,43,10,140,970,180,243.7,34,11
13,43,10,140,988,180,243.7,34,11
13,43,10,140,664,70,87.5,34,12
13,43,10,140,682,70,87.5,34,12
13,43,80,290,952,260,344.7,34,13
13,43,90,300,970,260,344.7,34,13
13,43,90,300,988,260,344.7,34,13
13,43,10,140,436,50,58.3,34,14
13,43,10,140,442,50,58.3,34,14
13,43,10,140,459,50,58.3,34,14
13,43,10,140,477,50,58.3,34,14
13,43,40,240,952,340,439.8,34,15
13,43,40,240,970,340,439.8,34,15
13,43,50,260,988,340,439.8,34,15
13,43,10,140,853,160,213,34,16
13,43,30,220,952,220,295.6,34,17
13,43,40,240,970,220,295.6,34,17
13,43,40,240,988,220,295.6,34,17
13,43,10,140,459,9,138.7,34,18
13,43,10,140,477,9,138.7,34,18
13,43,10,140,493,9,138.7,34,18
13,43,90,300,952,320,422.1,34,19
13,43,100,310,970,320,422.1,34,19
13,43,100,310,988,320,422.1,34,19
12,44,10,130,632,220,266,31,1
12,44,20,170,649,220,266,31,1
12,44,10,130,468,40,51.3,31,2
12,44,10,130,486,40,51.3,31,2
12,44,10,130,504,40,51.3,31,2
12,44,20,170,632,210,270.6,31,3
12,44,30,200,649,210,270.6,31,3
12,44,20,170,632,290,362.8,31,5
12,44,30,200,649,290,362.8,31,5
12,44,10,130,414,20,290.2,31,6
12,44,10,130,427,20,290.2,31,6
12,44,10,130,445,20,290.2,31,6
12,44,60,250,632,270,345.5,31,7
12,44,70,260,649,270,345.5,31,7
12,44,30,200,632,210,271.5,31,9
12,44,40,220,649,210,271.5,31,9
12,44,10,130,468,100,118,31,10
12,44,10,130,486,100,118,31,10
12,44,10,130,504,100,118,31,10
12,44,10,130,632,200,258.5,31,11
12,44,20,170,649,200,258.5,31,11
12,44,10,130,468,70,79,31,12
12,44,10,130,486,70,79,31,12
12,44,10,130,504,70,79,31,12
12,44,20,170,632,180,229.5,31,13
12,44,30,200,649,180,229.5,31,13
12,44,10,130,632,180,231.8,31,15
12,44,10,130,649,180,231.8,31,15
12,44,80,270,632,330,414.8,31,17
12,44,100,290,649,330,414.8,31,17
12,44,10,130,445,9,149.8,31,18
12,44,10,130,463,9,149.8,31,18
12,44,10,130,632,140,172,31,19
12,44,10,130,649,140,172,31,19
12,44,30,200,1004,270,674.3,32,1
12,44,40,220,1022,270,674.3,32,1
12,44,40,220,1040,270,674.3,32,1
12,44,10,130,545,50,59,32,2
12,44,10,130,563,50,59,32,2
12,44,10,130,581,50,59,32,2
12,44,60,250,1004,260,738.5,32,3
12,44,80,270,1022,260,738.5,32,3
12,44,80,270,1040,260,738.5,32,3
12,44,20,170,872,160,209,32,4
12,44,20,170,890,160,209,32,4
12,44,20,170,902,160,209,32,4
12,44,20,170,1004,230,583.2,32,5
12,44,20,170,1022,230,583.2,32,5
12,44,20,170,1040,230,583.2,32,5
12,44,10,130,596,10,156.8,32,6
12,44,10,130,614,10,156.8,32,6
12,44,10,130,632,10,156.8,32,6
12,44,100,290,1004,280,734.3,32,7
12,44,100,290,1022,280,734.3,32,7
12,44,100,290,1040,280,734.3,32,7
12,44,10,130,1004,110,277.1,32,9
12,44,10,130,1022,110,277.1,32,9
12,44,10,130,1040,110,277.1,32,9
12,44,10,130,734,110,132,32,10
12,44,10,130,749,110,132,32,10
12,44,10,130,767,110,132,32,10
12,44,10,130,1004,190,549.6,32,11
12,44,10,130,1022,190,549.6,32,11
12,44,20,170,1040,190,549.6,32,11
12,44,10,130,698,100,120,32,12
12,44,10,130,716,100,120,32,12
12,44,10,130,734,100,120,32,12
12,44,10,130,749,100,120,32,12
12,44,60,250,1004,250,637.4,32,13
12,44,70,260,1022,250,637.4,32,13
12,44,70,260,1040,250,637.4,32,13
12,44,10,130,647,30,40,32,14
12,44,10,130,665,30,40,32,14
12,44,10,130,683,30,40,32,14
12,44,40,220,1004,250,637.2,32,15
12,44,40,220,1022,250,637.2,32,15
12,44,50,240,1040,250,637.2,32,15
12,44,10,130,872,130,176,32,16
12,44,10,130,890,130,176,32,16
12,44,10,130,902,130,176,32,16
12,44,80,270,1004,270,688.8,32,17
12,44,90,280,1022,270,688.8,32,17
12,44,100,290,1040,270,688.8,32,17
12,44,10,130,698,10,141.9,32,18
12,44,10,130,716,10,141.9,32,18
12,44,100,290,1004,320,727.2,32,19
12,44,110,300,1022,320,727.2,32,19
12,44,120,300,1040,320,727.2,32,19
12,44,40,220,1004,280,752.3,33,1
12,44,50,240,1022,280,752.3,33,1
12,44,60,250,1040,280,752.3,33,1
12,44,10,130,530,50,64.3,33,2
12,44,10,130,545,50,64.3,33,2
12,44,10,130,563,50,64.3,33,2
12,44,100,290,1004,290,803.4,33,3
12,44,100,290,1022,290,803.4,33,3
12,44,100,290,1040,290,803.4,33,3
12,44,20,170,872,150,193,33,4
12,44,20,170,890,150,193,33,4
12,44,20,170,902,150,193,33,4
12,44,40,220,1004,270,680.4,33,5
12,44,50,240,1022,270,680.4,33,5
12,44,50,240,1040,270,680.4,33,5
12,44,10,130,665,10,190.3,33,6
12,44,10,130,683,10,190.3,33,6
12,44,80,270,1004,230,639.3,33,7
12,44,90,280,1022,230,639.3,33,7
12,44,90,280,1040,230,639.3,33,7
12,44,100,290,1004,320,820.8,33,9
12,44,100,290,1022,320,820.8,33,9
12,44,110,300,1040,320,820.8,33,9
12,44,10,130,698,90,118,33,10
12,44,10,130,716,90,118,33,10
12,44,10,130,734,90,118,33,10
12,44,10,130,749,90,118,33,10
12,44,20,170,1004,220,576.5,33,11
12,44,30,200,1022,220,576.5,33,11
12,44,30,200,1040,220,576.5,33,11
12,44,10,130,698,100,133.4,33,12
12,44,10,130,716,100,133.4,33,12
12,44,20,170,734,100,133.4,33,12
12,44,20,170,749,100,133.4,33,12
12,44,80,270,1004,260,713.7,33,13
12,44,90,280,1022,260,713.7,33,13
12,44,90,280,1040,260,713.7,33,13
12,44,10,130,596,40,58.4,33,14
12,44,10,130,614,40,58.4,33,14
12,44,10,130,632,40,58.4,33,14
12,44,60,250,1004,320,729.6,33,15
12,44,60,250,1022,320,729.6,33,15
12,44,70,260,1040,320,729.6,33,15
12,44,10,130,872,120,157,33,16
12,44,10,130,890,120,157,33,16
12,44,10,130,902,120,157,33,16
12,44,80,270,1004,280,701.6,33,17
12,44,90,280,1022,280,701.6,33,17
12,44,100,290,1040,280,701.6,33,17
12,44,10,130,563,10,174.7,33,18
12,44,10,130,581,10,174.7,33,18
12,44,10,130,596,10,174.7,33,18
12,44,90,280,1004,290,804.2,33,19
12,44,100,290,1022,290,804.2,33,19
12,44,100,290,1040,290,804.2,33,19
12,44,10,130,1003,170,235.3,34,1
12,44,10,130,1021,170,235.3,34,1
12,44,10,130,1039,170,235.3,34,1
12,44,10,130,664,30,38.8,34,2
12,44,10,130,682,30,38.8,34,2
12,44,10,130,1003,130,182.6,34,3
12,44,10,130,1021,130,182.6,34,3
12,44,10,130,1039,130,182.6,34,3
12,44,20,170,871,150,184,34,4
12,44,20,170,889,150,184,34,4
12,44,20,170,901,150,184,34,4
12,44,10,130,1003,200,262.8,34,5
12,44,20,170,1021,200,262.8,34,5
12,44,20,170,1039,200,262.8,34,5
12,44,10,130,697,8,131.6,34,6
12,44,10,130,715,8,131.6,34,6
12,44,10,130,733,8,131.6,34,6
12,44,10,130,748,8,131.6,34,6
12,44,70,260,1003,240,317.5,34,7
12,44,90,280,1021,240,317.5,34,7
12,44,90,280,1039,240,317.5,34,7
12,44,50,240,1003,220,288.7,34,9
12,44,60,250,1021,220,288.7,34,9
12,44,70,260,1039,220,288.7,34,9
12,44,10,130,697,70,88.6,34,10
12,44,10,130,715,70,88.6,34,10
12,44,10,130,733,70,88.6,34,10
12,44,10,130,748,70,88.6,34,10
12,44,10,130,1003,180,243.7,34,11
12,44,20,170,1021,180,243.7,34,11
12,44,20,170,1039,180,243.7,34,11
12,44,10,130,697,70,87.5,34,12
12,44,10,130,715,70,87.5,34,12
12,44,10,130,733,70,87.5,34,12
12,44,10,130,748,70,87.5,34,12
12,44,100,290,1003,260,344.7,34,13
12,44,110,300,1021,260,344.7,34,13
12,44,120,300,1039,260,344.7,34,13
12,44,10,130,493,50,58.3,34,14
12,44,10,130,511,50,58.3,34,14
12,44,10,130,529,50,58.3,34,14
12,44,60,250,1003,340,439.8,34,15
12,44,60,250,1021,340,439.8,34,15
12,44,70,260,1039,340,439.8,34,15
12,44,10,130,871,160,213,34,16
12,44,10,130,889,160,213,34,16
12,44,20,170,901,160,213,34,16
12,44,50,240,1003,220,295.6,34,17
12,44,70,260,1021,220,295.6,34,17
12,44,70,260,1039,220,295.6,34,17
12,44,10,130,511,9,138.7,34,18
12,44,10,130,529,9,138.7,34,18
12,44,10,130,544,9,138.7,34,18
12,44,120,300,1003,320,422.1,34,19
12,44,120,300,1021,320,422.1,34,19
12,44,130,310,1039,320,422.1,34,19
11,45,20,160,663,220,266,31,1
11,45,20,160,674,220,266,31,1
11,45,10,110,510,40,51.3,31,2
11,45,10,110,526,40,51.3,31,2
11,45,40,200,663,210,270.6,31,3
11,45,40,200,674,210,270.6,31,3
11,45,20,160,572,180,232,31,4
11,45,20,160,586,180,232,31,4
11,45,20,160,596,180,232,31,4
11,45,30,190,663,290,362.8,31,5
11,45,30,190,674,290,362.8,31,5
11,45,10,110,463,20,290.2,31,6
11,45,10,110,468,20,290.2,31,6
11,45,10,110,486,20,290.2,31,6
11,45,80,250,663,270,345.5,31,7
11,45,90,260,674,270,345.5,31,7
11,45,40,200,663,210,271.5,31,9
11,45,40,200,674,210,271.5,31,9
11,45,10,110,510,100,118,31,10
11,45,10,110,526,100,118,31,10
11,45,20,160,663,200,258.5,31,11
11,45,20,160,674,200,258.5,31,11
11,45,10,110,510,70,79,31,12
11,45,10,110,526,70,79,31,12
11,45,30,190,663,180,229.5,31,13
11,45,30,190,674,180,229.5,31,13
11,45,50,220,572,50,63.9,31,14
11,45,50,220,586,50,63.9,31,14
11,45,60,230,596,50,63.9,31,14
11,45,10,110,663,180,231.8,31,15
11,45,10,110,674,180,231.8,31,15
11,45,10,110,572,120,165,31,16
11,45,10,110,586,120,165,31,16
11,45,10,110,596,120,165,31,16
11,45,100,260,663,330,414.8,31,17
11,45,120,280,674,330,414.8,31,17
11,45,10,110,468,9,149.8,31,18
11,45,10,110,486,9,149.8,31,18
11,45,10,110,504,9,149.8,31,18
11,45,10,110,663,140,172,31,19
11,45,10,110,674,140,172,31,19
11,45,50,220,1055,270,674.3,32,1
11,45,60,230,1073,270,674.3,32,1
11,45,60,230,1091,270,674.3,32,1
11,45,10,110,596,50,59,32,2
11,45,10,110,614,50,59,32,2
11,45,10,110,632,50,59,32,2
11,45,90,260,1055,260,738.5,32,3
11,45,100,260,1073,260,738.5,32,3
11,45,100,260,1091,260,738.5,32,3
11,45,20,160,920,160,209,32,4
11,45,20,160,938,160,209,32,4
11,45,20,160,953,160,209,32,4
11,45,30,190,1055,230,583.2,32,5
11,45,30,190,1073,230,583.2,32,5
11,45,30,190,1091,230,583.2,32,5
11,45,10,110,647,10,156.8,32,6
11,45,10,110,665,10,156.8,32,6
11,45,10,110,683,10,156.8,32,6
11,45,110,270,1055,280,734.3,32,7
11,45,110,270,1073,280,734.3,32,7
11,45,110,270,1091,280,734.3,32,7
11,45,10,110,1055,110,277.1,32,9
11,45,10,110,1073,110,277.1,32,9
11,45,10,110,1091,110,277.1,32,9
11,45,10,110,785,110,132,32,10
11,45,10,110,800,110,132,32,10
11,45,10,110,818,110,132,32,10
11,45,20,160,1055,190,549.6,32,11
11,45,30,190,1073,190,549.6,32,11
11,45,30,190,1091,190,549.6,32,11
11,45,20,160,767,100,120,32,12
11,45,20,160,785,100,120,32,12
11,45,20,160,800,100,120,32,12
11,45,80,250,1055,250,637.4,32,13
11,45,100,260,1073,250,637.4,32,13
11,45,100,260,1091,250,637.4,32,13
11,45,10,110,698,30,40,32,14
11,45,10,110,716,30,40,32,14
11,45,50,220,1055,250,637.2,32,15
11,45,60,230,1073,250,637.2,32,15
11,45,70,240,1091,250,637.2,32,15
11,45,10,110,920,130,176,32,16
11,45,10,110,938,130,176,32,16
11,45,10,110,953,130,176,32,16
11,45,100,260,1055,270,688.8,32,17
11,45,120,280,1073,270,688.8,32,17
11,45,120,280,1091,270,688.8,32,17
11,45,20,160,734,10,141.9,32,18
11,45,10,110,749,10,141.9,32,18
11,45,120,280,1055,320,727.2,32,19
11,45,130,290,1073,320,727.2,32,19
11,45,130,290,1091,320,727.2,32,19
11,45,60,230,1055,280,752.3,33,1
11,45,60,230,1073,280,752.3,33,1
11,45,70,240,1091,280,752.3,33,1
11,45,10,110,581,50,64.3,33,2
11,45,10,110,596,50,64.3,33,2
11,45,100,260,1055,290,803.4,33,3
11,45,120,280,1073,290,803.4,33,3
11,45,120,280,1091,290,803.4,33,3
11,45,20,160,920,150,193,33,4
11,45,30,190,938,150,193,33,4
11,45,30,190,953,150,193,33,4
11,45,50,220,1055,270,680.4,33,5
11,45,70,240,1073,270,680.4,33,5
11,45,70,240,1091,270,680.4,33,5
11,45,10,110,698,10,190.3,33,6
11,45,10,110,716,10,190.3,33,6
11,45,10,110,734,10,190.3,33,6
11,45,10,110,749,10,190.3,33,6
11,45,90,260,1055,230,639.3,33,7
11,45,110,270,1073,230,639.3,33,7
11,45,110,270,1091,230,639.3,33,7
11,45,120,280,1055,320,820.8,33,9
11,45,130,290,1073,320,820.8,33,9
11,45,140,300,1091,320,820.8,33,9
11,45,10,110,767,90,118,33,10
11,45,10,110,785,90,118,33,10
11,45,10,110,800,90,118,33,10
11,45,40,200,1055,220,576.5,33,11
11,45,50,220,1073,220,576.5,33,11
11,45,50,220,1091,220,576.5,33,11
11,45,20,160,767,100,133.4,33,12
11,45,20,160,785,100,133.4,33,12
11,45,20,160,800,100,133.4,33,12
11,45,110,270,1055,260,713.7,33,13
11,45,110,270,1073,260,713.7,33,13
11,45,110,270,1091,260,713.7,33,13
11,45,10,110,647,40,58.4,33,14
11,45,10,110,665,40,58.4,33,14
11,45,10,110,683,40,58.4,33,14
11,45,90,260,1055,320,729.6,33,15
11,45,100,260,1073,320,729.6,33,15
11,45,110,270,1091,320,729.6,33,15
11,45,10,110,920,120,157,33,16
11,45,10,110,938,120,157,33,16
11,45,10,110,953,120,157,33,16
11,45,110,270,1055,280,701.6,33,17
11,45,120,280,1073,280,701.6,33,17
11,45,120,280,1091,280,701.6,33,17
11,45,10,110,614,10,174.7,33,18
11,45,10,110,632,10,174.7,33,18
11,45,10,110,647,10,174.7,33,18
11,45,120,280,1055,290,804.2,33,19
11,45,120,280,1073,290,804.2,33,19
11,45,120,280,1091,290,804.2,33,19
11,45,10,110,1054,170,235.3,34,1
11,45,10,110,1072,170,235.3,34,1
11,45,20,160,1090,170,235.3,34,1
11,45,10,110,697,30,38.8,34,2
11,45,10,110,715,30,38.8,34,2
11,45,10,110,733,30,38.8,34,2
11,45,10,110,748,30,38.8,34,2
11,45,10,110,1054,130,182.6,34,3
11,45,10,110,1072,130,182.6,34,3
11,45,20,160,1090,130,182.6,34,3
11,45,30,190,919,150,184,34,4
11,45,30,190,937,150,184,34,4
11,45,30,190,952,150,184,34,4
11,45,20,160,1054,200,262.8,34,5
11,45,30,190,1072,200,262.8,34,5
11,45,40,200,1090,200,262.8,34,5
11,45,100,260,1054,240,317.5,34,7
11,45,110,270,1072,240,317.5,34,7
11,45,120,280,1090,240,317.5,34,7
11,45,90,260,1054,220,288.7,34,9
11,45,100,260,1072,220,288.7,34,9
11,45,110,270,1090,220,288.7,34,9
11,45,10,110,766,70,88.6,34,10
11,45,10,110,784,70,88.6,34,10
11,45,10,110,799,70,88.6,34,10
11,45,20,160,1054,180,243.7,34,11
11,45,30,190,1072,180,243.7,34,11
11,45,40,200,1090,180,243.7,34,11
11,45,10,110,766,70,87.5,34,12
11,45,10,110,784,70,87.5,34,12
11,45,10,110,799,70,87.5,34,12
11,45,130,290,1054,260,344.7,34,13
11,45,140,300,1072,260,344.7,34,13
11,45,140,300,1090,260,344.7,34,13
11,45,10,110,544,50,58.3,34,14
11,45,10,110,562,50,58.3,34,14
11,45,10,110,580,50,58.3,34,14
11,45,90,260,1054,340,439.8,34,15
11,45,90,260,1072,340,439.8,34,15
11,45,90,260,1090,340,439.8,34,15
11,45,20,160,919,160,213,34,16
11,45,20,160,937,160,213,34,16
11,45,20,160,952,160,213,34,16
11,45,80,250,1054,220,295.6,34,17
11,45,90,260,1072,220,295.6,34,17
11,45,100,260,1090,220,295.6,34,17
11,45,10,110,562,9,138.7,34,18
11,45,10,110,580,9,138.7,34,18
11,45,10,110,595,9,138.7,34,18
11,45,140,300,1054,320,422.1,34,19
11,45,150,310,1072,320,422.1,34,19
11,45,150,310,1090,320,422.1,34,19
10,46,20,140,683,220,266,31,1
10,46,20,140,701,220,266,31,1
10,46,30,170,707,220,266,31,1
10,46,40,180,725,220,266,31,1
10,46,10,100,533,40,51.3,31,2
10,46,10,100,550,40,51.3,31,2
10,46,10,100,559,40,51.3,31,2
10,46,50,190,683,210,270.6,31,3
10,46,50,190,701,210,270.6,31,3
10,46,60,200,707,210,270.6,31,3
10,46,70,210,725,210,270.6,31,3
10,46,20,140,602,180,232,31,4
10,46,20,140,614,180,232,31,4
10,46,30,170,619,180,232,31,4
10,46,40,180,683,290,362.8,31,5
10,46,40,180,701,290,362.8,31,5
10,46,50,190,707,290,362.8,31,5
10,46,50,190,725,290,362.8,31,5
10,46,10,100,504,20,290.2,31,6
10,46,100,240,683,270,345.5,31,7
10,46,100,240,701,270,345.5,31,7
10,46,120,260,707,270,345.5,31,7
10,46,120,260,725,270,345.5,31,7
10,46,50,190,683,210,271.5,31,9
10,46,50,190,701,210,271.5,31,9
10,46,60,200,707,210,271.5,31,9
10,46,70,210,725,210,271.5,31,9
10,46,10,100,533,100,118,31,10
10,46,10,100,550,100,118,31,10
10,46,10,100,559,100,118,31,10
10,46,30,170,683,200,258.5,31,11
10,46,30,170,701,200,258.5,31,11
10,46,40,180,707,200,258.5,31,11
10,46,40,180,725,200,258.5,31,11
10,46,10,100,533,70,79,31,12
10,46,10,100,550,70,79,31,12
10,46,10,100,559,70,79,31,12
10,46,40,180,683,180,229.5,31,13
10,46,40,180,701,180,229.5,31,13
10,46,50,190,707,180,229.5,31,13
10,46,60,200,725,180,229.5,31,13
10,46,60,200,602,50,63.9,31,14
10,46,70,210,614,50,63.9,31,14
10,46,70,210,619,50,63.9,31,14
10,46,10,100,683,180,231.8,31,15
10,46,10,100,701,180,231.8,31,15
10,46,20,140,707,180,231.8,31,15
10,46,20,140,725,180,231.8,31,15
10,46,10,100,602,120,165,31,16
10,46,10,100,614,120,165,31,16
10,46,10,100,619,120,165,31,16
10,46,130,270,683,330,414.8,31,17
10,46,130,270,701,330,414.8,31,17
10,46,140,280,707,330,414.8,31,17
10,46,140,280,725,330,414.8,31,17
10,46,10,100,683,140,172,31,19
10,46,20,140,701,140,172,31,19
10,46,20,140,707,140,172,31,19
10,46,20,140,725,140,172,31,19
10,46,70,210,1106,270,674.3,32,1
10,46,80,220,1124,270,674.3,32,1
10,46,80,220,1142,270,674.3,32,1
10,46,10,100,647,50,59,32,2
10,46,10,100,665,50,59,32,2
10,46,10,100,683,50,59,32,2
10,46,110,250,1106,260,738.5,32,3
10,46,120,260,1124,260,738.5,32,3
10,46,120,260,1142,260,738.5,32,3
10,46,30,170,971,160,209,32,4
10,46,30,170,989,160,209,32,4
10,46,30,170,1004,160,209,32,4
10,46,30,170,1106,230,583.2,32,5
10,46,40,180,1124,230,583.2,32,5
10,46,40,180,1142,230,583.2,32,5
10,46,10,100,698,10,156.8,32,6
10,46,10,100,716,10,156.8,32,6
10,46,130,270,1106,280,734.3,32,7
10,46,140,280,1124,280,734.3,32,7
10,46,140,280,1142,280,734.3,32,7
10,46,10,100,1106,110,277.1,32,9
10,46,10,100,1124,110,277.1,32,9
10,46,10,100,1142,110,277.1,32,9
10,46,10,100,836,110,132,32,10
10,46,10,100,851,110,132,32,10
10,46,40,180,1106,190,549.6,32,11
10,46,50,190,1124,190,549.6,32,11
10,46,50,190,1142,190,549.6,32,11
10,46,20,140,818,100,120,32,12
10,46,20,140,836,100,120,32,12
10,46,110,250,1106,250,637.4,32,13
10,46,130,270,1124,250,637.4,32,13
10,46,130,270,1142,250,637.4,32,13
10,46,10,100,734,30,40,32,14
10,46,10,100,749,30,40,32,14
10,46,10,100,767,30,40,32,14
10,46,10,100,785,30,40,32,14
10,46,90,230,1106,250,637.2,32,15
10,46,100,240,1124,250,637.2,32,15
10,46,100,240,1142,250,637.2,32,15
10,46,10,100,971,130,176,32,16
10,46,10,100,989,130,176,32,16
10,46,10,100,1004,130,176,32,16
10,46,130,270,1106,270,688.8,32,17
10,46,140,280,1124,270,688.8,32,17
10,46,140,280,1142,270,688.8,32,17
10,46,140,280,1106,320,727.2,32,19
10,46,140,280,1124,320,727.2,32,19
10,46,140,280,1142,320,727.2,32,19
10,46,90,230,1106,280,752.3,33,1
10,46,100,240,1124,280,752.3,33,1
10,46,100,240,1142,280,752.3,33,1
10,46,10,100,614,50,64.3,33,2
10,46,10,100,632,50,64.3,33,2
10,46,10,100,647,50,64.3,33,2
10,46,10,100,665,50,64.3,33,2
10,46,120,260,1106,290,803.4,33,3
10,46,130,270,1124,290,803.4,33,3
10,46,130,270,1142,290,803.4,33,3
10,46,40,180,971,150,193,33,4
10,46,40,180,989,150,193,33,4
10,46,40,180,1004,150,193,33,4
10,46,80,220,1106,270,680.4,33,5
10,46,100,240,1124,270,680.4,33,5
10,46,100,240,1142,270,680.4,33,5
10,46,120,260,1106,230,639.3,33,7
10,46,130,270,1124,230,639.3,33,7
10,46,130,270,1142,230,639.3,33,7
10,46,160,300,1106,320,820.8,33,9
10,46,170,310,1124,320,820.8,33,9
10,46,160,300,1142,320,820.8,33,9
10,46,10,100,818,90,118,33,10
10,46,10,100,836,90,118,33,10
10,46,70,210,1106,220,576.5,33,11
10,46,80,220,1124,220,576.5,33,11
10,46,80,220,1142,220,576.5,33,11
10,46,30,170,818,100,133.4,33,12
10,46,30,170,836,100,133.4,33,12
10,46,130,270,1106,260,713.7,33,13
10,46,140,280,1124,260,713.7,33,13
10,46,130,270,1142,260,713.7,33,13
10,46,10,100,698,40,58.4,33,14
10,46,10,100,716,40,58.4,33,14
10,46,140,280,1106,320,729.6,33,15
10,46,140,280,1124,320,729.6,33,15
10,46,140,280,1142,320,729.6,33,15
10,46,10,100,971,120,157,33,16
10,46,10,100,989,120,157,33,16
10,46,10,100,1004,120,157,33,16
10,46,130,270,1106,280,701.6,33,17
10,46,140,280,1124,280,701.6,33,17
10,46,140,280,1142,280,701.6,33,17
10,46,10,100,665,10,174.7,33,18
10,46,10,100,683,10,174.7,33,18
10,46,130,270,1106,290,804.2,33,19
10,46,140,280,1124,290,804.2,33,19
10,46,140,280,1142,290,804.2,33,19
10,46,20,140,1104,170,235.3,34,1
10,46,30,170,1122,170,235.3,34,1
10,46,30,170,1140,170,235.3,34,1
10,46,10,100,766,30,38.8,34,2
10,46,10,100,784,30,38.8,34,2
10,46,10,100,799,30,38.8,34,2
10,46,20,140,1104,130,182.6,34,3
10,46,20,140,1122,130,182.6,34,3
10,46,30,170,1140,130,182.6,34,3
10,46,40,180,970,150,184,34,4
10,46,40,180,988,150,184,34,4
10,46,50,190,1003,150,184,34,4
10,46,40,180,1104,200,262.8,34,5
10,46,50,190,1122,200,262.8,34,5
10,46,50,190,1140,200,262.8,34,5
10,46,120,260,1104,240,317.5,34,7
10,46,140,280,1122,240,317.5,34,7
10,46,140,280,1140,240,317.5,34,7
10,46,120,260,1104,220,288.7,34,9
10,46,130,270,1122,220,288.7,34,9
10,46,130,270,1140,220,288.7,34,9
10,46,10,100,817,70,88.6,34,10
10,46,10,100,835,70,88.6,34,10
10,46,40,180,1104,180,243.7,34,11
10,46,50,190,1122,180,243.7,34,11
10,46,60,200,1140,180,243.7,34,11
10,46,10,100,817,70,87.5,34,12
10,46,10,100,835,70,87.5,34,12
10,46,160,300,1104,260,344.7,34,13
10,46,170,310,1122,260,344.7,34,13
10,46,170,310,1140,260,344.7,34,13
10,46,10,100,595,50,58.3,34,14
10,46,10,100,613,50,58.3,34,14
10,46,10,100,631,50,58.3,34,14
10,46,120,260,1104,340,439.8,34,15
10,46,120,260,1122,340,439.8,34,15
10,46,130,270,1140,340,439.8,34,15
10,46,30,170,970,160,213,34,16
10,46,40,180,988,160,213,34,16
10,46,40,180,1003,160,213,34,16
10,46,110,250,1104,220,295.6,34,17
10,46,120,260,1122,220,295.6,34,17
10,46,130,270,1140,220,295.6,34,17
10,46,10,100,613,9,138.7,34,18
10,46,10,100,631,9,138.7,34,18
10,46,10,100,646,9,138.7,34,18
10,46,170,310,1104,320,422.1,34,19
10,46,170,310,1122,320,422.1,34,19
10,46,170,310,1140,320,422.1,34,19
9,47,40,160,743,220,266,31,1
9,47,50,170,745,220,266,31,1
9,47,60,180,762,220,266,31,1
9,47,10,80,571,40,51.3,31,2
9,47,70,190,743,210,270.6,31,3
9,47,80,200,745,210,270.6,31,3
9,47,90,210,762,210,270.6,31,3
9,47,40,160,632,180,232,31,4
9,47,50,170,743,290,362.8,31,5
9,47,60,180,745,290,362.8,31,5
9,47,60,180,762,290,362.8,31,5
9,47,130,250,743,270,345.5,31,7
9,47,140,260,745,270,345.5,31,7
9,47,140,260,762,270,345.5,31,7
9,47,70,190,743,210,271.5,31,9
9,47,90,210,745,210,271.5,31,9
9,47,100,220,762,210,271.5,31,9
9,47,10,80,571,100,118,31,10
9,47,40,160,743,200,258.5,31,11
9,47,50,170,745,200,258.5,31,11
9,47,60,180,762,200,258.5,31,11
9,47,10,80,571,70,79,31,12
9,47,60,180,743,180,229.5,31,13
9,47,70,190,745,180,229.5,31,13
9,47,70,190,762,180,229.5,31,13
9,47,80,200,632,50,63.9,31,14
9,47,30,150,743,180,231.8,31,15
9,47,30,150,745,180,231.8,31,15
9,47,40,160,762,180,231.8,31,15
9,47,10,80,632,120,165,31,16
9,47,140,260,743,330,414.8,31,17
9,47,150,270,745,330,414.8,31,17
9,47,150,270,762,330,414.8,31,17
9,47,30,150,743,140,172,31,19
9,47,30,150,745,140,172,31,19
9,47,40,160,762,140,172,31,19
9,47,90,210,1157,270,674.3,32,1
9,47,100,220,1175,270,674.3,32,1
9,47,100,220,1193,270,674.3,32,1
9,47,10,80,698,50,59,32,2
9,47,10,80,716,50,59,32,2
9,47,140,260,1157,260,738.5,32,3
9,47,150,270,1175,260,738.5,32,3
9,47,150,270,1193,260,738.5,32,3
9,47,40,160,1022,160,209,32,4
9,47,50,170,1040,160,209,32,4
9,47,50,170,1055,160,209,32,4
9,47,40,160,1157,230,583.2,32,5
9,47,50,170,1175,230,583.2,32,5
9,47,50,170,1193,230,583.2,32,5
9,47,10,80,734,10,156.8,32,6
9,47,10,80,749,10,156.8,32,6
9,47,160,280,1157,280,734.3,32,7
9,47,170,290,1175,280,734.3,32,7
9,47,170,290,1193,280,734.3,32,7
9,47,10,80,1157,110,277.1,32,9
9,47,10,80,1175,110,277.1,32,9
9,47,20,120,1193,110,277.1,32,9
9,47,10,80,854,110,132,32,10
9,47,10,80,872,110,132,32,10
9,47,60,180,1157,190,549.6,32,11
9,47,70,190,1175,190,549.6,32,11
9,47,70,190,1193,190,549.6,32,11
9,47,20,120,851,100,120,32,12
9,47,150,270,1157,250,637.4,32,13
9,47,160,280,1175,250,637.4,32,13
9,47,160,280,1193,250,637.4,32,13
9,47,10,80,800,30,40,32,14
9,47,10,80,818,30,40,32,14
9,47,10,80,836,30,40,32,14
9,47,120,240,1157,250,637.2,32,15
9,47,130,250,1175,250,637.2,32,15
9,47,130,250,1193,250,637.2,32,15
9,47,10,80,1022,130,176,32,16
9,47,10,80,1040,130,176,32,16
9,47,20,120,1055,130,176,32,16
9,47,150,270,1157,270,688.8,32,17
9,47,160,280,1175,270,688.8,32,17
9,47,160,280,1193,270,688.8,32,17
9,47,160,280,1157,320,727.2,32,19
9,47,160,280,1175,320,727.2,32,19
9,47,160,280,1193,320,727.2,32,19
9,47,110,230,1157,280,752.3,33,1
9,47,120,240,1175,280,752.3,33,1
9,47,120,240,1193,280,752.3,33,1
9,47,10,80,683,50,64.3,33,2
9,47,10,80,698,50,64.3,33,2
9,47,140,260,1157,290,803.4,33,3
9,47,150,270,1175,290,803.4,33,3
9,47,150,270,1193,290,803.4,33,3
9,47,50,170,1022,150,193,33,4
9,47,50,170,1040,150,193,33,4
9,47,60,180,1055,150,193,33,4
9,47,110,230,1157,270,680.4,33,5
9,47,120,240,1175,270,680.4,33,5
9,47,120,240,1193,270,680.4,33,5
9,47,150,270,1157,230,639.3,33,7
9,47,160,280,1175,230,639.3,33,7
9,47,170,290,1193,230,639.3,33,7
9,47,180,300,1157,320,820.8,33,9
9,47,180,300,1175,320,820.8,33,9
9,47,180,300,1193,320,820.8,33,9
9,47,10,80,851,90,118,33,10
9,47,100,220,1157,220,576.5,33,11
9,47,110,230,1175,220,576.5,33,11
9,47,120,240,1193,220,576.5,33,11
9,47,30,150,851,100,133.4,33,12
9,47,150,270,1157,260,713.7,33,13
9,47,160,280,1175,260,713.7,33,13
9,47,160,280,1193,260,713.7,33,13
9,47,20,120,734,40,58.4,33,14
9,47,20,120,749,40,58.4,33,14
9,47,20,120,767,40,58.4,33,14
9,47,20,120,785,40,58.4,33,14
9,47,170,290,1157,320,729.6,33,15
9,47,180,300,1175,320,729.6,33,15
9,47,180,300,1193,320,729.6,33,15
9,47,10,80,1022,120,157,33,16
9,47,10,80,1040,120,157,33,16
9,47,10,80,1055,120,157,33,16
9,47,150,270,1157,280,701.6,33,17
9,47,160,280,1175,280,701.6,33,17
9,47,160,280,1193,280,701.6,33,17
9,47,10,80,698,10,174.7,33,18
9,47,10,80,716,10,174.7,33,18
9,47,10,80,734,10,174.7,33,18
9,47,10,80,749,10,174.7,33,18
9,47,150,270,1157,290,804.2,33,19
9,47,160,280,1175,290,804.2,33,19
9,47,160,280,1193,290,804.2,33,19
9,47,30,150,1155,170,235.3,34,1
9,47,50,170,1173,170,235.3,34,1
9,47,50,170,1191,170,235.3,34,1
9,47,10,80,817,30,38.8,34,2
9,47,10,80,835,30,38.8,34,2
9,47,30,150,1155,130,182.6,34,3
9,47,40,160,1173,130,182.6,34,3
9,47,40,160,1191,130,182.6,34,3
9,47,60,180,1021,150,184,34,4
9,47,70,190,1039,150,184,34,4
9,47,70,190,1054,150,184,34,4
9,47,70,190,1155,200,262.8,34,5
9,47,80,200,1173,200,262.8,34,5
9,47,80,200,1191,200,262.8,34,5
9,47,140,260,1155,240,317.5,34,7
9,47,150,270,1173,240,317.5,34,7
9,47,160,280,1191,240,317.5,34,7
9,47,140,260,1155,220,288.7,34,9
9,47,160,280,1173,220,288.7,34,9
9,47,160,280,1191,220,288.7,34,9
9,47,10,80,850,70,88.6,34,10
9,47,60,180,1155,180,243.7,34,11
9,47,80,200,1173,180,243.7,34,11
9,47,90,210,1191,180,243.7,34,11
9,47,10,80,850,70,87.5,34,12
9,47,180,300,1155,260,344.7,34,13
9,47,190,310,1173,260,344.7,34,13
9,47,190,310,1191,260,344.7,34,13
9,47,10,80,646,50,58.3,34,14
9,47,10,80,664,50,58.3,34,14
9,47,10,80,682,50,58.3,34,14
9,47,150,270,1155,340,439.8,34,15
9,47,160,280,1173,340,439.8,34,15
9,47,160,280,1191,340,439.8,34,15
9,47,50,170,1021,160,213,34,16
9,47,50,170,1039,160,213,34,16
9,47,60,180,1054,160,213,34,16
9,47,140,260,1155,220,295.6,34,17
9,47,150,270,1173,220,295.6,34,17
9,47,150,270,1191,220,295.6,34,17
9,47,10,80,664,9,138.7,34,18
9,47,10,80,682,9,138.7,34,18
9,47,180,300,1155,320,422.1,34,19
9,47,180,300,1173,320,422.1,34,19
9,47,190,310,1191,320,422.1,34,19
8,48,50,150,779,220,266,31,1
8,48,70,170,790,220,266,31,1
8,48,20,100,572,40,51.3,31,2
8,48,20,100,586,40,51.3,31,2
8,48,90,190,779,210,270.6,31,3
8,48,120,220,790,210,270.6,31,3
8,48,50,150,649,180,232,31,4
8,48,60,160,663,180,232,31,4
8,48,70,170,674,180,232,31,4
8,48,70,170,779,290,362.8,31,5
8,48,90,190,790,290,362.8,31,5
8,48,140,240,779,270,345.5,31,7
8,48,170,270,790,270,345.5,31,7
8,48,90,190,779,210,271.5,31,9
8,48,120,220,790,210,271.5,31,9
8,48,10,70,572,100,118,31,10
8,48,10,70,586,100,118,31,10
8,48,60,160,779,200,258.5,31,11
8,48,80,180,790,200,258.5,31,11
8,48,10,70,572,70,79,31,12
8,48,10,70,586,70,79,31,12
8,48,80,180,779,180,229.5,31,13
8,48,90,190,790,180,229.5,31,13
8,48,40,140,779,180,231.8,31,15
8,48,50,150,790,180,231.8,31,15
8,48,10,70,649,120,165,31,16
8,48,10,70,663,120,165,31,16
8,48,10,70,674,120,165,31,16
8,48,150,250,779,330,414.8,31,17
8,48,160,260,790,330,414.8,31,17
8,48,40,140,779,140,172,31,19
8,48,50,150,790,140,172,31,19
8,48,120,220,1208,270,674.3,32,1
8,48,130,230,1226,270,674.3,32,1
8,48,140,240,1244,270,674.3,32,1
8,48,10,70,734,50,59,32,2
8,48,10,70,749,50,59,32,2
8,48,10,70,767,50,59,32,2
8,48,10,70,785,50,59,32,2
8,48,160,260,1208,260,738.5,32,3
8,48,170,270,1226,260,738.5,32,3
8,48,180,280,1244,260,738.5,32,3
8,48,60,160,1073,160,209,32,4
8,48,60,160,1091,160,209,32,4
8,48,70,170,1106,160,209,32,4
8,48,50,150,1208,230,583.2,32,5
8,48,60,160,1226,230,583.2,32,5
8,48,70,170,1244,230,583.2,32,5
8,48,180,280,1208,280,734.3,32,7
8,48,190,280,1226,280,734.3,32,7
8,48,190,280,1244,280,734.3,32,7
8,48,10,70,1208,110,277.1,32,9
8,48,20,100,1226,110,277.1,32,9
8,48,20,100,1244,110,277.1,32,9
8,48,10,70,890,110,132,32,10
8,48,10,70,902,110,132,32,10
8,48,20,100,920,110,132,32,10
8,48,80,180,1208,190,549.6,32,11
8,48,100,200,1226,190,549.6,32,11
8,48,100,200,1244,190,549.6,32,11
8,48,30,130,854,100,120,32,12
8,48,40,140,872,100,120,32,12
8,48,40,140,890,100,120,32,12
8,48,40,140,902,100,120,32,12
8,48,190,280,1208,250,637.4,32,13
8,48,200,290,1226,250,637.4,32,13
8,48,200,290,1244,250,637.4,32,13
8,48,10,70,851,30,40,32,14
8,48,140,240,1208,250,637.2,32,15
8,48,140,240,1226,250,637.2,32,15
8,48,150,250,1244,250,637.2,32,15
8,48,20,100,1073,130,176,32,16
8,48,20,100,1091,130,176,32,16
8,48,30,130,1106,130,176,32,16
8,48,160,260,1208,270,688.8,32,17
8,48,170,270,1226,270,688.8,32,17
8,48,170,270,1244,270,688.8,32,17
8,48,170,270,1208,320,727.2,32,19
8,48,170,270,1226,320,727.2,32,19
8,48,170,270,1244,320,727.2,32,19
8,48,130,230,1208,280,752.3,33,1
8,48,140,240,1226,280,752.3,33,1
8,48,140,240,1244,280,752.3,33,1
8,48,10,70,716,50,64.3,33,2
8,48,10,70,734,50,64.3,33,2
8,48,10,70,749,50,64.3,33,2
8,48,10,70,767,50,64.3,33,2
8,48,150,250,1208,290,803.4,33,3
8,48,160,260,1226,290,803.4,33,3
8,48,170,270,1244,290,803.4,33,3
8,48,70,170,1073,150,193,33,4
8,48,70,170,1091,150,193,33,4
8,48,70,170,1106,150,193,33,4
8,48,140,240,1208,270,680.4,33,5
8,48,150,250,1226,270,680.4,33,5
8,48,160,260,1244,270,680.4,33,5
8,48,170,270,1208,230,639.3,33,7
8,48,190,280,1226,230,639.3,33,7
8,48,190,280,1244,230,639.3,33,7
8,48,190,280,1208,320,820.8,33,9
8,48,190,280,1226,320,820.8,33,9
8,48,190,280,1244,320,820.8,33,9
8,48,10,70,854,90,118,33,10
8,48,10,70,872,90,118,33,10
8,48,10,70,890,90,118,33,10
8,48,10,70,902,90,118,33,10
8,48,130,230,1208,220,576.5,33,11
8,48,140,240,1226,220,576.5,33,11
8,48,140,240,1244,220,576.5,33,11
8,48,40,140,854,100,133.4,33,12
8,48,50,150,872,100,133.4,33,12
8,48,50,150,890,100,133.4,33,12
8,48,60,160,902,100,133.4,33,12
8,48,180,280,1208,260,713.7,33,13
8,48,180,280,1226,260,713.7,33,13
8,48,190,280,1244,260,713.7,33,13
8,48,30,130,800,40,58.4,33,14
8,48,30,130,818,40,58.4,33,14
8,48,30,130,836,40,58.4,33,14
8,48,180,280,1208,320,729.6,33,15
8,48,180,280,1226,320,729.6,33,15
8,48,190,280,1244,320,729.6,33,15
8,48,20,100,1073,120,157,33,16
8,48,20,100,1091,120,157,33,16
8,48,30,130,1106,120,157,33,16
8,48,170,270,1208,280,701.6,33,17
8,48,170,270,1226,280,701.6,33,17
8,48,170,270,1244,280,701.6,33,17
8,48,170,270,1208,290,804.2,33,19
8,48,180,280,1226,290,804.2,33,19
8,48,180,280,1244,290,804.2,33,19
8,48,60,160,1206,170,235.3,34,1
8,48,70,170,1224,170,235.3,34,1
8,48,80,180,1242,170,235.3,34,1
8,48,10,70,850,30,38.8,34,2
8,48,50,150,1206,130,182.6,34,3
8,48,60,160,1224,130,182.6,34,3
8,48,60,160,1242,130,182.6,34,3
8,48,80,180,1072,150,184,34,4
8,48,90,190,1090,150,184,34,4
8,48,90,190,1104,150,184,34,4
8,48,100,200,1206,200,262.8,34,5
8,48,110,210,1224,200,262.8,34,5
8,48,110,210,1242,200,262.8,34,5
8,48,170,270,1206,240,317.5,34,7
8,48,180,280,1224,240,317.5,34,7
8,48,180,280,1242,240,317.5,34,7
8,48,190,280,1206,220,288.7,34,9
8,48,200,290,1224,220,288.7,34,9
8,48,200,290,1242,220,288.7,34,9
8,48,10,70,853,70,88.6,34,10
8,48,10,70,871,70,88.6,34,10
8,48,10,70,889,70,88.6,34,10
8,48,10,70,901,70,88.6,34,10
8,48,100,200,1206,180,243.7,34,11
8,48,120,220,1224,180,243.7,34,11
8,48,120,220,1242,180,243.7,34,11
8,48,20,100,853,70,87.5,34,12
8,48,20,100,871,70,87.5,34,12
8,48,20,100,889,70,87.5,34,12
8,48,20,100,901,70,87.5,34,12
8,48,210,300,1206,260,344.7,34,13
8,48,210,300,1224,260,344.7,34,13
8,48,210,300,1242,260,344.7,34,13
8,48,10,70,697,50,58.3,34,14
8,48,10,70,715,50,58.3,34,14
8,48,170,270,1206,340,439.8,34,15
8,48,180,280,1224,340,439.8,34,15
8,48,180,280,1242,340,439.8,34,15
8,48,70,170,1072,160,213,34,16
8,48,80,180,1090,160,213,34,16
8,48,80,180,1104,160,213,34,16
8,48,160,260,1206,220,295.6,34,17
8,48,170,270,1224,220,295.6,34,17
8,48,170,270,1242,220,295.6,34,17
8,48,10,70,697,9,138.7,34,18
8,48,10,70,715,9,138.7,34,18
8,48,10,70,733,9,138.7,34,18
8,48,10,70,748,9,138.7,34,18
8,48,190,280,1206,320,422.1,34,19
8,48,200,290,1224,320,422.1,34,19
8,48,200,290,1242,320,422.1,34,19
7,49,70,150,807,220,266,31,1
7,49,70,150,825,220,266,31,1
7,49,80,160,829,220,266,31,1
7,49,20,80,596,40,51.3,31,2
7,49,30,110,602,40,51.3,31,2
7,49,30,110,614,40,51.3,31,2
7,49,130,210,807,210,270.6,31,3
7,49,130,210,825,210,270.6,31,3
7,49,140,220,829,210,270.6,31,3
7,49,70,150,683,180,232,31,4
7,49,80,160,701,180,232,31,4
7,49,90,170,707,180,232,31,4
7,49,90,170,807,290,362.8,31,5
7,49,90,170,825,290,362.8,31,5
7,49,100,180,829,290,362.8,31,5
7,49,170,240,807,270,345.5,31,7
7,49,180,250,825,270,345.5,31,7
7,49,180,250,829,270,345.5,31,7
7,49,120,200,807,210,271.5,31,9
7,49,130,210,825,210,271.5,31,9
7,49,130,210,829,210,271.5,31,9
7,49,10,50,596,100,118,31,10
7,49,10,50,602,100,118,31,10
7,49,10,50,614,100,118,31,10
7,49,80,160,807,200,258.5,31,11
7,49,90,170,825,200,258.5,31,11
7,49,90,170,829,200,258.5,31,11
7,49,10,50,596,70,79,31,12
7,49,10,50,602,70,79,31,12
7,49,10,50,614,70,79,31,12
7,49,100,180,807,180,229.5,31,13
7,49,100,180,825,180,229.5,31,13
7,49,110,190,829,180,229.5,31,13
7,49,50,130,807,180,231.8,31,15
7,49,50,130,825,180,231.8,31,15
7,49,60,140,829,180,231.8,31,15
7,49,10,50,683,120,165,31,16
7,49,10,50,701,120,165,31,16
7,49,20,80,707,120,165,31,16
7,49,160,240,807,330,414.8,31,17
7,49,170,240,825,330,414.8,31,17
7,49,180,250,829,330,414.8,31,17
7,49,60,140,807,140,172,31,19
7,49,60,140,825,140,172,31,19
7,49,70,150,829,140,172,31,19
7,49,150,230,1259,270,674.3,32,1
7,49,150,230,1277,270,674.3,32,1
7,49,160,240,1295,270,674.3,32,1
7,49,10,50,800,50,59,32,2
7,49,10,50,818,50,59,32,2
7,49,20,80,836,50,59,32,2
7,49,180,250,1259,260,738.5,32,3
7,49,200,270,1277,260,738.5,32,3
7,49,200,270,1295,260,738.5,32,3
7,49,80,160,1124,160,209,32,4
7,49,90,170,1142,160,209,32,4
7,49,100,180,1157,160,209,32,4
7,49,70,150,1259,230,583.2,32,5
7,49,80,160,1277,230,583.2,32,5
7,49,90,170,1295,230,583.2,32,5
7,49,190,260,1259,280,734.3,32,7
7,49,200,270,1277,280,734.3,32,7
7,49,200,270,1295,280,734.3,32,7
7,49,20,80,1259,110,277.1,32,9
7,49,30,110,1277,110,277.1,32,9
7,49,30,110,1295,110,277.1,32,9
7,49,20,80,938,110,132,32,10
7,49,20,80,953,110,132,32,10
7,49,20,80,971,110,132,32,10
7,49,110,190,1259,190,549.6,32,11
7,49,120,200,1277,190,549.6,32,11
7,49,130,210,1295,190,549.6,32,11
7,49,40,120,920,100,120,32,12
7,49,40,120,938,100,120,32,12
7,49,50,130,953,100,120,32,12
7,49,210,280,1259,250,637.4,32,13
7,49,220,290,1277,250,637.4,32,13
7,49,220,290,1295,250,637.4,32,13
7,49,10,50,854,30,40,32,14
7,49,20,80,872,30,40,32,14
7,49,160,240,1259,250,637.2,32,15
7,49,170,240,1277,250,637.2,32,15
7,49,170,240,1295,250,637.2,32,15
7,49,40,120,1124,130,176,32,16
7,49,40,120,1142,130,176,32,16
7,49,50,130,1157,130,176,32,16
7,49,170,240,1259,270,688.8,32,17
7,49,180,250,1277,270,688.8,32,17
7,49,190,260,1295,270,688.8,32,17
7,49,180,250,1259,320,727.2,32,19
7,49,180,250,1277,320,727.2,32,19
7,49,190,260,1295,320,727.2,32,19
7,49,160,240,1259,280,752.3,33,1
7,49,160,240,1277,280,752.3,33,1
7,49,170,240,1295,280,752.3,33,1
7,49,10,50,785,50,64.3,33,2
7,49,10,50,800,50,64.3,33,2
7,49,20,80,818,50,64.3,33,2
7,49,170,240,1259,290,803.4,33,3
7,49,180,250,1277,290,803.4,33,3
7,49,180,250,1295,290,803.4,33,3
7,49,80,160,1124,150,193,33,4
7,49,90,170,1142,150,193,33,4
7,49,90,170,1157,150,193,33,4
7,49,180,250,1259,270,680.4,33,5
7,49,190,260,1277,270,680.4,33,5
7,49,190,260,1295,270,680.4,33,5
7,49,190,260,1259,230,639.3,33,7
7,49,200,270,1277,230,639.3,33,7
7,49,200,270,1295,230,639.3,33,7
7,49,200,270,1259,320,820.8,33,9
7,49,200,270,1277,320,820.8,33,9
7,49,200,270,1295,320,820.8,33,9
7,49,20,80,920,90,118,33,10
7,49,20,80,938,90,118,33,10
7,49,20,80,953,90,118,33,10
7,49,150,230,1259,220,576.5,33,11
7,49,150,230,1277,220,576.5,33,11
7,49,160,240,1295,220,576.5,33,11
7,49,70,150,920,100,133.4,33,12
7,49,70,150,938,100,133.4,33,12
7,49,70,150,953,100,133.4,33,12
7,49,200,270,1259,260,713.7,33,13
7,49,200,270,1277,260,713.7,33,13
7,49,210,280,1295,260,713.7,33,13
7,49,40,120,851,40,58.4,33,14
7,49,210,280,1259,320,729.6,33,15
7,49,210,280,1277,320,729.6,33,15
7,49,210,280,1295,320,729.6,33,15
7,49,30,110,1124,120,157,33,16
7,49,30,110,1142,120,157,33,16
7,49,40,120,1157,120,157,33,16
7,49,180,250,1259,280,701.6,33,17
7,49,190,260,1277,280,701.6,33,17
7,49,200,270,1295,280,701.6,33,17
7,49,190,260,1259,290,804.2,33,19
7,49,190,260,1277,290,804.2,33,19
7,49,190,260,1295,290,804.2,33,19
7,49,90,170,1257,170,235.3,34,1
7,49,100,180,1275,170,235.3,34,1
7,49,100,180,1293,170,235.3,34,1
7,49,10,50,853,30,38.8,34,2
7,49,10,50,871,30,38.8,34,2
7,49,20,80,889,30,38.8,34,2
7,49,10,50,901,30,38.8,34,2
7,49,70,150,1257,130,182.6,34,3
7,49,80,160,1275,130,182.6,34,3
7,49,80,160,1293,130,182.6,34,3
7,49,100,180,1122,150,184,34,4
7,49,100,180,1140,150,184,34,4
7,49,110,190,1155,150,184,34,4
7,49,120,200,1257,200,262.8,34,5
7,49,130,210,1275,200,262.8,34,5
7,49,140,220,1293,200,262.8,34,5
7,49,190,260,1257,240,317.5,34,7
7,49,210,280,1275,240,317.5,34,7
7,49,210,280,1293,240,317.5,34,7
7,49,220,290,1257,220,288.7,34,9
7,49,230,300,1275,220,288.7,34,9
7,49,230,300,1293,220,288.7,34,9
7,49,10,50,919,70,88.6,34,10
7,49,10,50,937,70,88.6,34,10
7,49,10,50,952,70,88.6,34,10
7,49,140,220,1257,180,243.7,34,11
7,49,150,230,1275,180,243.7,34,11
7,49,160,240,1293,180,243.7,34,11
7,49,20,80,919,70,87.5,34,12
7,49,20,80,937,70,87.5,34,12
7,49,20,80,952,70,87.5,34,12
7,49,220,290,1257,260,344.7,34,13
7,49,230,300,1275,260,344.7,34,13
7,49,230,300,1293,260,344.7,34,13
7,49,10,50,733,50,58.3,34,14
7,49,10,50,748,50,58.3,34,14
7,49,20,80,766,50,58.3,34,14
7,49,20,80,784,50,58.3,34,14
7,49,190,260,1257,340,439.8,34,15
7,49,190,260,1275,340,439.8,34,15
7,49,190,260,1293,340,439.8,34,15
7,49,90,170,1122,160,213,34,16
7,49,90,170,1140,160,213,34,16
7,49,100,180,1155,160,213,34,16
7,49,180,250,1257,220,295.6,34,17
7,49,190,260,1275,220,295.6,34,17
7,49,190,260,1293,220,295.6,34,17
7,49,210,280,1257,320,422.1,34,19
7,49,220,290,1275,320,422.1,34,19
7,49,220,290,1293,320,422.1,34,19
6,50,80,140,847,220,266,31,1
6,50,80,140,864,220,266,31,1
6,50,30,90,619,40,51.3,31,2
6,50,40,100,632,40,51.3,31,2
6,50,150,210,847,210,270.6,31,3
6,50,150,210,864,210,270.6,31,3
6,50,100,160,725,180,232,31,4
6,50,100,160,743,180,232,31,4
6,50,110,170,745,180,232,31,4
6,50,90,150,847,290,362.8,31,5
6,50,100,160,864,290,362.8,31,5
6,50,190,250,847,270,345.5,31,7
6,50,200,260,864,270,345.5,31,7
6,50,130,190,847,210,271.5,31,9
6,50,140,200,864,210,271.5,31,9
6,50,20,70,619,100,118,31,10
6,50,20,70,632,100,118,31,10
6,50,100,160,847,200,258.5,31,11
6,50,110,170,864,200,258.5,31,11
6,50,10,40,619,70,79,31,12
6,50,10,40,632,70,79,31,12
6,50,120,180,847,180,229.5,31,13
6,50,120,180,864,180,229.5,31,13
6,50,60,120,847,180,231.8,31,15
6,50,70,130,864,180,231.8,31,15
6,50,20,70,725,120,165,31,16
6,50,20,70,743,120,165,31,16
6,50,20,70,745,120,165,31,16
6,50,190,250,847,330,414.8,31,17
6,50,190,250,864,330,414.8,31,17
6,50,80,140,847,140,172,31,19
6,50,80,140,864,140,172,31,19
6,50,170,230,1310,270,674.3,32,1
6,50,190,250,1325,270,674.3,32,1
6,50,200,260,1352,270,674.3,32,1
6,50,20,70,851,50,59,32,2
6,50,210,270,1310,260,738.5,32,3
6,50,220,280,1325,260,738.5,32,3
6,50,220,280,1352,260,738.5,32,3
6,50,110,170,1175,160,209,32,4
6,50,110,170,1193,160,209,32,4
6,50,120,180,1208,160,209,32,4
6,50,90,150,1310,230,583.2,32,5
6,50,110,170,1325,230,583.2,32,5
6,50,120,180,1352,230,583.2,32,5
6,50,210,270,1310,280,734.3,32,7
6,50,210,270,1325,280,734.3,32,7
6,50,210,270,1352,280,734.3,32,7
6,50,30,90,1310,110,277.1,32,9
6,50,30,90,1325,110,277.1,32,9
6,50,40,100,1352,110,277.1,32,9
6,50,30,90,989,110,132,32,10
6,50,30,90,1004,110,132,32,10
6,50,40,100,1022,110,132,32,10
6,50,140,200,1310,190,549.6,32,11
6,50,150,210,1325,190,549.6,32,11
6,50,150,210,1352,190,549.6,32,11
6,50,50,110,971,100,120,32,12
6,50,50,110,989,100,120,32,12
6,50,60,120,1004,100,120,32,12
6,50,220,280,1310,250,637.4,32,13
6,50,230,290,1325,250,637.4,32,13
6,50,230,290,1352,250,637.4,32,13
6,50,20,70,890,30,40,32,14
6,50,20,70,902,30,40,32,14
6,50,20,70,920,30,40,32,14
6,50,20,70,938,30,40,32,14
6,50,160,220,1310,250,637.2,32,15
6,50,160,220,1325,250,637.2,32,15
6,50,170,230,1352,250,637.2,32,15
6,50,60,120,1175,130,176,32,16
6,50,70,130,1193,130,176,32,16
6,50,70,130,1208,130,176,32,16
6,50,190,250,1310,270,688.8,32,17
6,50,200,260,1325,270,688.8,32,17
6,50,210,270,1352,270,688.8,32,17
6,50,210,270,1310,320,727.2,32,19
6,50,210,270,1325,320,727.2,32,19
6,50,220,280,1352,320,727.2,32,19
6,50,190,250,1310,280,752.3,33,1
6,50,190,250,1325,280,752.3,33,1
6,50,200,260,1352,280,752.3,33,1
6,50,20,70,836,50,64.3,33,2
6,50,20,70,851,50,64.3,33,2
6,50,200,260,1310,290,803.4,33,3
6,50,190,250,1325,290,803.4,33,3
6,50,210,270,1352,290,803.4,33,3
6,50,100,160,1175,150,193,33,4
6,50,100,160,1193,150,193,33,4
6,50,110,170,1208,150,193,33,4
6,50,210,270,1310,270,680.4,33,5
6,50,200,260,1325,270,680.4,33,5
6,50,210,270,1352,270,680.4,33,5
6,50,210,270,1310,230,639.3,33,7
6,50,210,270,1325,230,639.3,33,7
6,50,210,270,1352,230,639.3,33,7
6,50,220,280,1310,320,820.8,33,9
6,50,220,280,1325,320,820.8,33,9
6,50,220,280,1352,320,820.8,33,9
6,50,20,70,971,90,118,33,10
6,50,20,70,989,90,118,33,10
6,50,30,90,1004,90,118,33,10
6,50,170,230,1310,220,576.5,33,11
6,50,170,230,1325,220,576.5,33,11
6,50,170,230,1352,220,576.5,33,11
6,50,80,140,971,100,133.4,33,12
6,50,90,150,989,100,133.4,33,12
6,50,90,150,1004,100,133.4,33,12
6,50,230,290,1310,260,713.7,33,13
6,50,230,290,1325,260,713.7,33,13
6,50,240,300,1352,260,713.7,33,13
6,50,50,110,854,40,58.4,33,14
6,50,50,110,872,40,58.4,33,14
6,50,220,280,1310,320,729.6,33,15
6,50,220,280,1325,320,729.6,33,15
6,50,220,280,1352,320,729.6,33,15
6,50,50,110,1175,120,157,33,16
6,50,50,110,1193,120,157,33,16
6,50,80,140,1208,120,157,33,16
6,50,220,280,1310,280,701.6,33,17
6,50,210,270,1325,280,701.6,33,17
6,50,220,280,1352,280,701.6,33,17
6,50,200,260,1310,290,804.2,33,19
6,50,200,260,1325,290,804.2,33,19
6,50,190,250,1352,290,804.2,33,19
6,50,110,170,1308,170,235.3,34,1
6,50,110,170,1323,170,235.3,34,1
6,50,90,150,1350,170,235.3,34,1
6,50,20,70,919,30,38.8,34,2
6,50,20,70,937,30,38.8,34,2
6,50,20,70,952,30,38.8,34,2
6,50,100,160,1308,130,182.6,34,3
6,50,120,180,1323,130,182.6,34,3
6,50,100,160,1350,130,182.6,34,3
6,50,120,180,1173,150,184,34,4
6,50,120,180,1191,150,184,34,4
6,50,130,190,1206,150,184,34,4
6,50,150,210,1308,200,262.8,34,5
6,50,150,210,1323,200,262.8,34,5
6,50,130,190,1350,200,262.8,34,5
6,50,220,280,1308,240,317.5,34,7
6,50,230,290,1323,240,317.5,34,7
6,50,230,290,1350,240,317.5,34,7
6,50,240,300,1308,220,288.7,34,9
6,50,250,310,1323,220,288.7,34,9
6,50,250,310,1350,220,288.7,34,9
6,50,10,40,970,70,88.6,34,10
6,50,10,40,988,70,88.6,34,10
6,50,10,40,1003,70,88.6,34,10
6,50,170,230,1308,180,243.7,34,11
6,50,180,240,1323,180,243.7,34,11
6,50,190,250,1350,180,243.7,34,11
6,50,30,90,970,70,87.5,34,12
6,50,30,90,988,70,87.5,34,12
6,50,30,90,1003,70,87.5,34,12
6,50,240,300,1308,260,344.7,34,13
6,50,240,300,1323,260,344.7,34,13
6,50,240,300,1350,260,344.7,34,13
6,50,20,70,799,50,58.3,34,14
6,50,20,70,817,50,58.3,34,14
6,50,20,70,835,50,58.3,34,14
6,50,200,260,1308,340,439.8,34,15
6,50,210,270,1323,340,439.8,34,15
6,50,210,270,1350,340,439.8,34,15
6,50,110,170,1173,160,213,34,16
6,50,120,180,1191,160,213,34,16
6,50,130,190,1206,160,213,34,16
6,50,200,260,1308,220,295.6,34,17
6,50,200,260,1323,220,295.6,34,17
6,50,200,260,1350,220,295.6,34,17
6,50,230,290,1308,320,422.1,34,19
6,50,240,300,1323,320,422.1,34,19
6,50,240,300,1350,320,422.1,34,19
5,51,120,160,762,180,232,31,4
5,51,120,160,779,180,232,31,4
5,51,130,170,790,180,232,31,4
5,51,30,70,649,100,118,31,10
5,51,30,70,663,100,118,31,10
5,51,20,50,649,70,79,31,12
5,51,20,50,663,70,79,31,12
5,51,30,70,762,120,165,31,16
5,51,30,70,779,120,165,31,16
5,51,40,80,790,120,165,31,16
5,51,200,240,1386,270,674.3,32,1
5,51,210,250,1408,270,674.3,32,1
5,51,210,250,1421,270,674.3,32,1
5,51,20,50,854,50,59,32,2
5,51,20,50,872,50,59,32,2
5,51,230,270,1386,260,738.5,32,3
5,51,230,270,1408,260,738.5,32,3
5,51,230,270,1421,260,738.5,32,3
5,51,130,170,1226,160,209,32,4
5,51,130,170,1244,160,209,32,4
5,51,130,170,1259,160,209,32,4
5,51,130,170,1386,230,583.2,32,5
5,51,130,170,1408,230,583.2,32,5
5,51,140,180,1421,230,583.2,32,5
5,51,220,260,1386,280,734.3,32,7
5,51,220,260,1408,280,734.3,32,7
5,51,230,270,1421,280,734.3,32,7
5,51,40,80,1386,110,277.1,32,9
5,51,40,80,1408,110,277.1,32,9
5,51,50,90,1421,110,277.1,32,9
5,51,40,80,1040,110,132,32,10
5,51,40,80,1055,110,132,32,10
5,51,50,90,1073,110,132,32,10
5,51,160,200,1386,190,549.6,32,11
5,51,160,200,1408,190,549.6,32,11
5,51,170,210,1421,190,549.6,32,11
5,51,70,110,1022,100,120,32,12
5,51,70,110,1040,100,120,32,12
5,51,240,280,1386,250,637.4,32,13
5,51,240,280,1408,250,637.4,32,13
5,51,240,280,1421,250,637.4,32,13
5,51,20,50,953,30,40,32,14
5,51,20,50,971,30,40,32,14
5,51,30,70,989,30,40,32,14
5,51,170,210,1386,250,637.2,32,15
5,51,170,210,1408,250,637.2,32,15
5,51,190,230,1421,250,637.2,32,15
5,51,90,130,1226,130,176,32,16
5,51,90,130,1244,130,176,32,16
5,51,100,140,1259,130,176,32,16
5,51,210,250,1386,270,688.8,32,17
5,51,220,260,1408,270,688.8,32,17
5,51,220,260,1421,270,688.8,32,17
5,51,220,260,1386,320,727.2,32,19
5,51,220,260,1408,320,727.2,32,19
5,51,230,270,1421,320,727.2,32,19
5,51,210,250,1386,280,752.3,33,1
5,51,200,240,1408,280,752.3,33,1
5,51,210,250,1421,280,752.3,33,1
5,51,30,70,854,50,64.3,33,2
5,51,220,260,1386,290,803.4,33,3
5,51,220,260,1408,290,803.4,33,3
5,51,230,270,1421,290,803.4,33,3
5,51,120,160,1226,150,193,33,4
5,51,130,170,1244,150,193,33,4
5,51,140,180,1259,150,193,33,4
5,51,210,250,1386,270,680.4,33,5
5,51,220,260,1408,270,680.4,33,5
5,51,220,260,1421,270,680.4,33,5
5,51,210,250,1386,230,639.3,33,7
5,51,210,250,1408,230,639.3,33,7
5,51,210,250,1421,230,639.3,33,7
5,51,230,270,1386,320,820.8,33,9
5,51,230,270,1408,320,820.8,33,9
5,51,250,290,1421,320,820.8,33,9
5,51,30,70,1022,90,118,33,10
5,51,40,80,1040,90,118,33,10
5,51,170,210,1386,220,576.5,33,11
5,51,180,220,1408,220,576.5,33,11
5,51,180,220,1421,220,576.5,33,11
5,51,100,140,1022,100,133.4,33,12
5,51,110,150,1040,100,133.4,33,12
5,51,240,280,1386,260,713.7,33,13
5,51,250,290,1408,260,713.7,33,13
5,51,250,290,1421,260,713.7,33,13
5,51,60,100,890,40,58.4,33,14
5,51,60,100,902,40,58.4,33,14
5,51,70,110,920,40,58.4,33,14
5,51,70,110,938,40,58.4,33,14
5,51,230,270,1386,320,729.6,33,15
5,51,230,270,1408,320,729.6,33,15
5,51,230,270,1421,320,729.6,33,15
5,51,80,120,1226,120,157,33,16
5,51,80,120,1244,120,157,33,16
5,51,100,140,1259,120,157,33,16
5,51,230,270,1386,280,701.6,33,17
5,51,230,270,1408,280,701.6,33,17
5,51,230,270,1421,280,701.6,33,17
5,51,200,240,1386,290,804.2,33,19
5,51,200,240,1408,290,804.2,33,19
5,51,210,250,1421,290,804.2,33,19
5,51,110,150,1384,170,235.3,34,1
5,51,110,150,1406,170,235.3,34,1
5,51,120,160,1419,170,235.3,34,1
5,51,30,70,970,30,38.8,34,2
5,51,30,70,988,30,38.8,34,2
5,51,30,70,1003,30,38.8,34,2
5,51,130,170,1384,130,182.6,34,3
5,51,130,170,1406,130,182.6,34,3
5,51,150,190,1419,130,182.6,34,3
5,51,130,170,1224,150,184,34,4
5,51,140,180,1242,150,184,34,4
5,51,150,190,1257,150,184,34,4
5,51,150,190,1384,200,262.8,34,5
5,51,150,190,1406,200,262.8,34,5
5,51,160,200,1419,200,262.8,34,5
5,51,240,280,1384,240,317.5,34,7
5,51,250,290,1406,240,317.5,34,7
5,51,250,290,1419,240,317.5,34,7
5,51,250,290,1384,220,288.7,34,9
5,51,250,290,1406,220,288.7,34,9
5,51,250,290,1419,220,288.7,34,9
5,51,20,50,1021,70,88.6,34,10
5,51,20,50,1039,70,88.6,34,10
5,51,200,240,1384,180,243.7,34,11
5,51,200,240,1406,180,243.7,34,11
5,51,210,250,1419,180,243.7,34,11
5,51,40,80,1021,70,87.5,34,12
5,51,40,80,1039,70,87.5,34,12
5,51,250,290,1384,260,344.7,34,13
5,51,250,290,1406,260,344.7,34,13
5,51,260,300,1419,260,344.7,34,13
5,51,30,70,850,50,58.3,34,14
5,51,220,260,1384,340,439.8,34,15
5,51,230,270,1406,340,439.8,34,15
5,51,230,270,1419,340,439.8,34,15
5,51,140,180,1224,160,213,34,16
5,51,140,180,1242,160,213,34,16
5,51,140,180,1257,160,213,34,16
5,51,210,250,1384,220,295.6,34,17
5,51,220,260,1406,220,295.6,34,17
5,51,210,250,1419,220,295.6,34,17
5,51,240,280,1384,320,422.1,34,19
5,51,240,280,1406,320,422.1,34,19
5,51,240,280,1419,320,422.1,34,19
4,52,100,120,866,220,266,31,1
4,52,100,120,886,220,266,31,1
4,52,180,200,866,210,270.6,31,3
4,52,180,200,886,210,270.6,31,3
4,52,130,150,807,180,232,31,4
4,52,140,160,825,180,232,31,4
4,52,150,170,829,180,232,31,4
4,52,130,150,866,290,362.8,31,5
4,52,140,160,886,290,362.8,31,5
4,52,210,240,866,270,345.5,31,7
4,52,220,250,886,270,345.5,31,7
4,52,140,160,866,210,271.5,31,9
4,52,150,170,886,210,271.5,31,9
4,52,30,50,674,100,118,31,10
4,52,40,60,683,100,118,31,10
4,52,40,60,701,100,118,31,10
4,52,120,140,866,200,258.5,31,11
4,52,120,140,886,200,258.5,31,11
4,52,20,40,674,70,79,31,12
4,52,30,50,683,70,79,31,12
4,52,30,50,701,70,79,31,12
4,52,140,160,866,180,229.5,31,13
4,52,150,170,886,180,229.5,31,13
4,52,100,120,866,180,231.8,31,15
4,52,110,130,886,180,231.8,31,15
4,52,40,60,807,120,165,31,16
4,52,40,60,825,120,165,31,16
4,52,50,70,829,120,165,31,16
4,52,200,230,866,330,414.8,31,17
4,52,200,230,886,330,414.8,31,17
4,52,110,130,866,140,172,31,19
4,52,120,140,886,140,172,31,19
4,52,210,240,1441,270,674.3,32,1
4,52,210,240,1461,270,674.3,32,1
4,52,200,230,1472,270,674.3,32,1
4,52,20,40,890,50,59,32,2
4,52,20,40,902,50,59,32,2
4,52,30,50,920,50,59,32,2
4,52,30,50,938,50,59,32,2
4,52,240,270,1441,260,738.5,32,3
4,52,240,270,1461,260,738.5,32,3
4,52,240,270,1472,260,738.5,32,3
4,52,140,160,1277,160,209,32,4
4,52,130,150,1295,160,209,32,4
4,52,150,170,1310,160,209,32,4
4,52,140,160,1441,230,583.2,32,5
4,52,140,160,1461,230,583.2,32,5
4,52,150,170,1472,230,583.2,32,5
4,52,230,260,1441,280,734.3,32,7
4,52,240,270,1461,280,734.3,32,7
4,52,230,260,1472,280,734.3,32,7
4,52,50,70,1441,110,277.1,32,9
4,52,60,80,1461,110,277.1,32,9
4,52,60,80,1472,110,277.1,32,9
4,52,50,70,1091,110,132,32,10
4,52,70,90,1106,110,132,32,10
4,52,70,90,1124,110,132,32,10
4,52,180,200,1441,190,549.6,32,11
4,52,190,210,1461,190,549.6,32,11
4,52,200,230,1472,190,549.6,32,11
4,52,80,100,1055,100,120,32,12
4,52,80,100,1073,100,120,32,12
4,52,90,110,1091,100,120,32,12
4,52,100,120,1106,100,120,32,12
4,52,250,280,1441,250,637.4,32,13
4,52,250,280,1461,250,637.4,32,13
4,52,250,280,1472,250,637.4,32,13
4,52,30,50,1004,30,40,32,14
4,52,190,210,1441,250,637.2,32,15
4,52,200,230,1461,250,637.2,32,15
4,52,200,230,1472,250,637.2,32,15
4,52,110,130,1277,130,176,32,16
4,52,110,130,1295,130,176,32,16
4,52,130,150,1310,130,176,32,16
4,52,230,260,1441,270,688.8,32,17
4,52,230,260,1461,270,688.8,32,17
4,52,230,260,1472,270,688.8,32,17
4,52,230,260,1441,320,727.2,32,19
4,52,230,260,1461,320,727.2,32,19
4,52,230,260,1472,320,727.2,32,19
4,52,180,200,1441,280,752.3,33,1
4,52,210,240,1461,280,752.3,33,1
4,52,220,250,1472,280,752.3,33,1
4,52,40,60,872,50,64.3,33,2
4,52,40,60,890,50,64.3,33,2
4,52,40,60,902,50,64.3,33,2
4,52,50,70,920,50,64.3,33,2
4,52,210,240,1441,290,803.4,33,3
4,52,240,270,1461,290,803.4,33,3
4,52,260,290,1472,290,803.4,33,3
4,52,140,160,1277,150,193,33,4
4,52,150,170,1295,150,193,33,4
4,52,170,190,1310,150,193,33,4
4,52,200,230,1441,270,680.4,33,5
4,52,230,260,1461,270,680.4,33,5
4,52,220,250,1472,270,680.4,33,5
4,52,220,250,1441,230,639.3,33,7
4,52,230,260,1461,230,639.3,33,7
4,52,240,270,1472,230,639.3,33,7
4,52,250,280,1441,320,820.8,33,9
4,52,260,290,1461,320,820.8,33,9
4,52,270,300,1472,320,820.8,33,9
4,52,50,70,1055,90,118,33,10
4,52,50,70,1073,90,118,33,10
4,52,60,80,1091,90,118,33,10
4,52,70,90,1106,90,118,33,10
4,52,190,210,1441,220,576.5,33,11
4,52,190,210,1461,220,576.5,33,11
4,52,200,230,1472,220,576.5,33,11
4,52,110,130,1055,100,133.4,33,12
4,52,130,150,1073,100,133.4,33,12
4,52,130,150,1091,100,133.4,33,12
4,52,130,150,1106,100,133.4,33,12
4,52,260,290,1441,260,713.7,33,13
4,52,260,290,1461,260,713.7,33,13
4,52,260,290,1472,260,713.7,33,13
4,52,80,100,953,40,58.4,33,14
4,52,90,110,971,40,58.4,33,14
4,52,90,110,989,40,58.4,33,14
4,52,230,260,1441,320,729.6,33,15
4,52,240,270,1461,320,729.6,33,15
4,52,240,270,1472,320,729.6,33,15
4,52,120,140,1277,120,157,33,16
4,52,110,130,1295,120,157,33,16
4,52,140,160,1310,120,157,33,16
4,52,240,270,1441,280,701.6,33,17
4,52,230,260,1461,280,701.6,33,17
4,52,240,270,1472,280,701.6,33,17
4,52,220,250,1441,290,804.2,33,19
4,52,220,250,1461,290,804.2,33,19
4,52,230,260,1472,290,804.2,33,19
4,52,120,140,1439,170,235.3,34,1
4,52,120,140,1459,170,235.3,34,1
4,52,140,160,1470,170,235.3,34,1
4,52,160,180,1439,130,182.6,34,3
4,52,150,170,1459,130,182.6,34,3
4,52,170,190,1470,130,182.6,34,3
4,52,160,180,1275,150,184,34,4
4,52,160,180,1293,150,184,34,4
4,52,190,210,1308,150,184,34,4
4,52,170,190,1439,200,262.8,34,5
4,52,170,190,1459,200,262.8,34,5
4,52,170,190,1470,200,262.8,34,5
4,52,260,290,1439,240,317.5,34,7
4,52,260,290,1459,240,317.5,34,7
4,52,260,290,1470,240,317.5,34,7
4,52,260,290,1439,220,288.7,34,9
4,52,260,290,1459,220,288.7,34,9
4,52,270,300,1470,220,288.7,34,9
4,52,20,40,1054,70,88.6,34,10
4,52,30,50,1072,70,88.6,34,10
4,52,30,50,1090,70,88.6,34,10
4,52,40,60,1104,70,88.6,34,10
4,52,220,250,1439,180,243.7,34,11
4,52,220,250,1459,180,243.7,34,11
4,52,220,250,1470,180,243.7,34,11
4,52,40,60,1054,70,87.5,34,12
4,52,60,80,1072,70,87.5,34,12
4,52,60,80,1090,70,87.5,34,12
4,52,70,90,1104,70,87.5,34,12
4,52,270,300,1439,260,344.7,34,13
4,52,270,300,1459,260,344.7,34,13
4,52,280,310,1470,260,344.7,34,13
4,52,40,60,853,50,58.3,34,14
4,52,40,60,871,50,58.3,34,14
4,52,240,270,1439,340,439.8,34,15
4,52,240,270,1459,340,439.8,34,15
4,52,250,280,1470,340,439.8,34,15
4,52,150,170,1275,160,213,34,16
4,52,150,170,1293,160,213,34,16
4,52,170,190,1308,160,213,34,16
4,52,230,260,1439,220,295.6,34,17
4,52,230,260,1459,220,295.6,34,17
4,52,230,260,1470,220,295.6,34,17
4,52,250,280,1439,320,422.1,34,19
4,52,250,280,1459,320,422.1,34,19
4,52,250,280,1470,320,422.1,34,19
3,53,130,140,887,220,266,31,1
3,53,200,210,887,210,270.6,31,3
3,53,160,170,847,180,232,31,4
3,53,170,180,864,180,232,31,4
3,53,180,190,887,290,362.8,31,5
3,53,230,250,887,270,345.5,31,7
3,53,180,190,887,210,271.5,31,9
3,53,50,60,707,100,118,31,10
3,53,50,60,725,100,118,31,10
3,53,60,70,743,100,118,31,10
3,53,160,170,887,200,258.5,31,11
3,53,40,50,707,70,79,31,12
3,53,40,50,725,70,79,31,12
3,53,40,50,743,70,79,31,12
3,53,190,200,887,180,229.5,31,13
3,53,140,150,887,180,231.8,31,15
3,53,50,60,847,120,165,31,16
3,53,60,70,864,120,165,31,16
3,53,210,220,887,330,414.8,31,17
3,53,160,170,887,140,172,31,19
3,53,220,230,1492,270,674.3,32,1
3,53,220,230,1511,270,674.3,32,1
3,53,30,40,953,50,59,32,2
3,53,40,50,971,50,59,32,2
3,53,250,270,1492,260,738.5,32,3
3,53,250,270,1511,260,738.5,32,3
3,53,150,160,1325,160,209,32,4
3,53,160,170,1352,160,209,32,4
3,53,160,170,1492,230,583.2,32,5
3,53,160,170,1511,230,583.2,32,5
3,53,230,250,1492,280,734.3,32,7
3,53,230,250,1511,280,734.3,32,7
3,53,80,80,1492,110,277.1,32,9
3,53,80,80,1511,110,277.1,32,9
3,53,80,80,1142,110,132,32,10
3,53,100,100,1157,110,132,32,10
3,53,110,110,1175,110,132,32,10
3,53,200,210,1492,190,549.6,32,11
3,53,200,210,1511,190,549.6,32,11
3,53,110,110,1124,100,120,32,12
3,53,110,110,1142,100,120,32,12
3,53,120,130,1157,100,120,32,12
3,53,260,280,1492,250,637.4,32,13
3,53,250,270,1511,250,637.4,32,13
3,53,200,210,1492,250,637.2,32,15
3,53,200,210,1511,250,637.2,32,15
3,53,120,130,1325,130,176,32,16
3,53,130,140,1352,130,176,32,16
3,53,230,250,1492,270,688.8,32,17
3,53,230,250,1511,270,688.8,32,17
3,53,230,250,1492,320,727.2,32,19
3,53,230,250,1511,320,727.2,32,19
3,53,220,230,1492,280,752.3,33,1
3,53,210,220,1511,280,752.3,33,1
3,53,50,60,938,50,64.3,33,2
3,53,60,70,953,50,64.3,33,2
3,53,260,280,1492,290,803.4,33,3
3,53,250,270,1511,290,803.4,33,3
3,53,160,170,1325,150,193,33,4
3,53,180,190,1352,150,193,33,4
3,53,230,250,1492,270,680.4,33,5
3,53,230,250,1511,270,680.4,33,5
3,53,240,260,1492,230,639.3,33,7
3,53,250,270,1511,230,639.3,33,7
3,53,270,290,1492,320,820.8,33,9
3,53,280,300,1511,320,820.8,33,9
3,53,80,80,1124,90,118,33,10
3,53,80,80,1142,90,118,33,10
3,53,110,110,1157,90,118,33,10
3,53,210,220,1492,220,576.5,33,11
3,53,200,210,1511,220,576.5,33,11
3,53,140,150,1124,100,133.4,33,12
3,53,140,150,1142,100,133.4,33,12
3,53,150,160,1157,100,133.4,33,12
3,53,260,280,1492,260,713.7,33,13
3,53,260,280,1511,260,713.7,33,13
3,53,90,90,1004,40,58.4,33,14
3,53,240,260,1492,320,729.6,33,15
3,53,240,260,1511,320,729.6,33,15
3,53,150,160,1325,120,157,33,16
3,53,160,170,1352,120,157,33,16
3,53,250,270,1492,280,701.6,33,17
3,53,250,270,1511,280,701.6,33,17
3,53,240,260,1492,290,804.2,33,19
3,53,240,260,1511,290,804.2,33,19
3,53,140,150,1490,170,235.3,34,1
3,53,140,150,1509,170,235.3,34,1
3,53,180,190,1490,130,182.6,34,3
3,53,190,200,1509,130,182.6,34,3
3,53,200,210,1323,150,184,34,4
3,53,200,210,1350,150,184,34,4
3,53,180,190,1490,200,262.8,34,5
3,53,180,190,1509,200,262.8,34,5
3,53,270,290,1490,240,317.5,34,7
3,53,270,290,1509,240,317.5,34,7
3,53,270,290,1490,220,288.7,34,9
3,53,270,290,1509,220,288.7,34,9
3,53,40,50,1122,70,88.6,34,10
3,53,50,60,1140,70,88.6,34,10
3,53,60,70,1155,70,88.6,34,10
3,53,230,250,1490,180,243.7,34,11
3,53,230,250,1509,180,243.7,34,11
3,53,80,80,1122,70,87.5,34,12
3,53,80,80,1140,70,87.5,34,12
3,53,90,90,1155,70,87.5,34,12
3,53,280,300,1490,260,344.7,34,13
3,53,280,300,1509,260,344.7,34,13
3,53,40,50,889,50,58.3,34,14
3,53,40,50,901,50,58.3,34,14
3,53,50,60,919,50,58.3,34,14
3,53,50,60,937,50,58.3,34,14
3,53,250,270,1490,340,439.8,34,15
3,53,250,270,1509,340,439.8,34,15
3,53,160,170,1323,160,213,34,16
3,53,170,180,1350,160,213,34,16
3,53,240,260,1490,220,295.6,34,17
3,53,240,260,1509,220,295.6,34,17
3,53,250,270,1490,320,422.1,34,19
3,53,260,280,1509,320,422.1,34,19
2,54,70,60,745,100,118,31,10
2,54,80,70,762,100,118,31,10
2,54,90,80,779,100,118,31,10
2,54,50,40,745,70,79,31,12
2,54,60,50,762,70,79,31,12
2,54,60,50,779,70,79,31,12
2,54,220,220,1523,270,674.3,32,1
2,54,220,220,1543,270,674.3,32,1
2,54,220,220,1563,270,674.3,32,1
2,54,230,230,1574,270,674.3,32,1
2,54,40,40,989,50,59,32,2
2,54,50,40,1004,50,59,32,2
2,54,260,270,1523,260,738.5,32,3
2,54,260,270,1543,260,738.5,32,3
2,54,260,270,1563,260,738.5,32,3
2,54,250,250,1574,260,738.5,32,3
2,54,160,160,1386,160,209,32,4
2,54,160,160,1408,160,209,32,4
2,54,160,160,1421,160,209,32,4
2,54,170,170,1523,230,583.2,32,5
2,54,180,180,1543,230,583.2,32,5
2,54,190,190,1563,230,583.2,32,5
2,54,190,190,1574,230,583.2,32,5
2,54,250,250,1523,280,734.3,32,7
2,54,250,250,1543,280,734.3,32,7
2,54,250,250,1563,280,734.3,32,7
2,54,250,250,1574,280,734.3,32,7
2,54,90,80,1523,110,277.1,32,9
2,54,80,70,1543,110,277.1,32,9
2,54,80,70,1563,110,277.1,32,9
2,54,80,70,1574,110,277.1,32,9
2,54,110,100,1193,110,132,32,10
2,54,130,120,1208,110,132,32,10
2,54,140,130,1226,110,132,32,10
2,54,210,210,1523,190,549.6,32,11
2,54,200,200,1543,190,549.6,32,11
2,54,200,200,1563,190,549.6,32,11
2,54,210,210,1574,190,549.6,32,11
2,54,130,120,1175,100,120,32,12
2,54,140,130,1193,100,120,32,12
2,54,140,130,1208,100,120,32,12
2,54,260,270,1523,250,637.4,32,13
2,54,260,270,1543,250,637.4,32,13
2,54,260,270,1563,250,637.4,32,13
2,54,260,270,1574,250,637.4,32,13
2,54,220,220,1523,250,637.2,32,15
2,54,220,220,1543,250,637.2,32,15
2,54,220,220,1563,250,637.2,32,15
2,54,220,220,1574,250,637.2,32,15
2,54,140,130,1386,130,176,32,16
2,54,130,120,1408,130,176,32,16
2,54,140,130,1421,130,176,32,16
2,54,240,240,1523,270,688.8,32,17
2,54,240,240,1543,270,688.8,32,17
2,54,240,240,1563,270,688.8,32,17
2,54,230,230,1574,270,688.8,32,17
2,54,240,240,1523,320,727.2,32,19
2,54,240,240,1543,320,727.2,32,19
2,54,240,240,1563,320,727.2,32,19
2,54,240,240,1574,320,727.2,32,19
2,54,230,230,1523,280,752.3,33,1
2,54,220,220,1543,280,752.3,33,1
2,54,230,230,1563,280,752.3,33,1
2,54,230,230,1574,280,752.3,33,1
2,54,70,60,971,50,64.3,33,2
2,54,70,60,989,50,64.3,33,2
2,54,80,70,1004,50,64.3,33,2
2,54,250,250,1523,290,803.4,33,3
2,54,240,240,1543,290,803.4,33,3
2,54,240,240,1563,290,803.4,33,3
2,54,240,240,1574,290,803.4,33,3
2,54,190,190,1386,150,193,33,4
2,54,190,190,1408,150,193,33,4
2,54,190,190,1421,150,193,33,4
2,54,230,230,1523,270,680.4,33,5
2,54,230,230,1543,270,680.4,33,5
2,54,230,230,1563,270,680.4,33,5
2,54,230,230,1574,270,680.4,33,5
2,54,240,240,1523,230,639.3,33,7
2,54,230,230,1543,230,639.3,33,7
2,54,230,230,1563,230,639.3,33,7
2,54,240,240,1574,230,639.3,33,7
2,54,290,300,1523,320,820.8,33,9
2,54,280,290,1543,320,820.8,33,9
2,54,280,290,1563,320,820.8,33,9
2,54,280,290,1574,320,820.8,33,9
2,54,110,100,1175,90,118,33,10
2,54,120,110,1193,90,118,33,10
2,54,140,130,1208,90,118,33,10
2,54,210,210,1523,220,576.5,33,11
2,54,230,230,1543,220,576.5,33,11
2,54,230,230,1563,220,576.5,33,11
2,54,240,240,1574,220,576.5,33,11
2,54,150,140,1175,100,133.4,33,12
2,54,160,160,1193,100,133.4,33,12
2,54,170,170,1208,100,133.4,33,12
2,54,260,270,1523,260,713.7,33,13
2,54,260,270,1543,260,713.7,33,13
2,54,260,270,1563,260,713.7,33,13
2,54,260,270,1574,260,713.7,33,13
2,54,250,250,1523,320,729.6,33,15
2,54,240,240,1543,320,729.6,33,15
2,54,250,250,1563,320,729.6,33,15
2,54,250,250,1574,320,729.6,33,15
2,54,170,170,1386,120,157,33,16
2,54,170,170,1408,120,157,33,16
2,54,180,180,1421,120,157,33,16
2,54,260,270,1523,280,701.6,33,17
2,54,260,270,1543,280,701.6,33,17
2,54,260,270,1563,280,701.6,33,17
2,54,260,270,1574,280,701.6,33,17
2,54,250,250,1523,290,804.2,33,19
2,54,250,250,1543,290,804.2,33,19
2,54,250,250,1563,290,804.2,33,19
2,54,250,250,1574,290,804.2,33,19
2,54,140,130,1521,170,235.3,34,1
2,54,150,140,1541,170,235.3,34,1
2,54,160,160,1561,170,235.3,34,1
2,54,170,170,1572,170,235.3,34,1
2,54,200,200,1521,130,182.6,34,3
2,54,210,210,1541,130,182.6,34,3
2,54,210,210,1561,130,182.6,34,3
2,54,210,210,1572,130,182.6,34,3
2,54,220,220,1384,150,184,34,4
2,54,220,220,1406,150,184,34,4
2,54,230,230,1419,150,184,34,4
2,54,190,190,1521,200,262.8,34,5
2,54,200,200,1541,200,262.8,34,5
2,54,200,200,1561,200,262.8,34,5
2,54,200,200,1572,200,262.8,34,5
2,54,270,280,1521,240,317.5,34,7
2,54,270,280,1541,240,317.5,34,7
2,54,270,280,1561,240,317.5,34,7
2,54,270,280,1572,240,317.5,34,7
2,54,280,290,1521,220,288.7,34,9
2,54,270,280,1541,220,288.7,34,9
2,54,270,280,1561,220,288.7,34,9
2,54,260,270,1572,220,288.7,34,9
2,54,60,50,1173,70,88.6,34,10
2,54,70,60,1191,70,88.6,34,10
2,54,80,70,1206,70,88.6,34,10
2,54,240,240,1521,180,243.7,34,11
2,54,230,230,1541,180,243.7,34,11
2,54,230,230,1561,180,243.7,34,11
2,54,230,230,1572,180,243.7,34,11
2,54,100,90,1173,70,87.5,34,12
2,54,100,90,1191,70,87.5,34,12
2,54,110,100,1206,70,87.5,34,12
2,54,280,290,1521,260,344.7,34,13
2,54,280,290,1541,260,344.7,34,13
2,54,280,290,1561,260,344.7,34,13
2,54,290,300,1572,260,344.7,34,13
2,54,50,40,952,50,58.3,34,14
2,54,60,50,970,50,58.3,34,14
2,54,60,50,988,50,58.3,34,14
2,54,260,270,1521,340,439.8,34,15
2,54,260,270,1541,340,439.8,34,15
2,54,260,270,1561,340,439.8,34,15
2,54,260,270,1572,340,439.8,34,15
2,54,180,180,1384,160,213,34,16
2,54,180,180,1406,160,213,34,16
2,54,180,180,1419,160,213,34,16
2,54,240,240,1521,220,295.6,34,17
2,54,230,230,1541,220,295.6,34,17
2,54,240,240,1561,220,295.6,34,17
2,54,230,230,1572,220,295.6,34,17
2,54,260,270,1521,320,422.1,34,19
2,54,260,270,1541,320,422.1,34,19
2,54,260,270,1561,320,422.1,34,19
2,54,260,270,1572,320,422.1,34,19
1,55,130,110,899,220,266,31,1
1,55,220,210,899,210,270.6,31,3
1,55,190,180,866,180,232,31,4
1,55,200,190,886,180,232,31,4
1,55,200,190,899,290,362.8,31,5
1,55,240,230,899,270,345.5,31,7
1,55,210,200,899,210,271.5,31,9
1,55,110,90,790,100,118,31,10
1,55,120,100,807,100,118,31,10
1,55,130,110,825,100,118,31,10
1,55,170,150,899,200,258.5,31,11
1,55,60,40,790,70,79,31,12
1,55,70,50,807,70,79,31,12
1,55,70,50,825,70,79,31,12
1,55,210,200,899,180,229.5,31,13
1,55,170,150,899,180,231.8,31,15
1,55,120,100,866,120,165,31,16
1,55,120,100,886,120,165,31,16
1,55,220,210,899,330,414.8,31,17
1,55,180,160,899,140,172,31,19
1,55,230,220,1594,270,674.3,32,1
1,55,230,220,1614,270,674.3,32,1
1,55,240,230,1625,270,674.3,32,1
1,55,260,250,1594,260,738.5,32,3
1,55,260,250,1614,260,738.5,32,3
1,55,270,260,1625,260,738.5,32,3
1,55,170,150,1441,160,209,32,4
1,55,170,150,1461,160,209,32,4
1,55,180,160,1472,160,209,32,4
1,55,200,190,1594,230,583.2,32,5
1,55,210,200,1614,230,583.2,32,5
1,55,220,210,1625,230,583.2,32,5
1,55,260,250,1594,280,734.3,32,7
1,55,260,250,1614,280,734.3,32,7
1,55,270,260,1625,280,734.3,32,7
1,55,90,70,1594,110,277.1,32,9
1,55,100,80,1614,110,277.1,32,9
1,55,110,90,1625,110,277.1,32,9
1,55,150,130,1244,110,132,32,10
1,55,150,130,1259,110,132,32,10
1,55,160,140,1277,110,132,32,10
1,55,210,200,1594,190,549.6,32,11
1,55,220,210,1614,190,549.6,32,11
1,55,240,230,1625,190,549.6,32,11
1,55,160,140,1226,100,120,32,12
1,55,160,140,1244,100,120,32,12
1,55,160,140,1259,100,120,32,12
1,55,260,250,1594,250,637.4,32,13
1,55,260,250,1614,250,637.4,32,13
1,55,270,260,1625,250,637.4,32,13
1,55,230,220,1594,250,637.2,32,15
1,55,230,220,1614,250,637.2,32,15
1,55,250,240,1625,250,637.2,32,15
1,55,150,130,1441,130,176,32,16
1,55,150,130,1461,130,176,32,16
1,55,160,140,1472,130,176,32,16
1,55,240,230,1594,270,688.8,32,17
1,55,240,230,1614,270,688.8,32,17
1,55,240,230,1625,270,688.8,32,17
1,55,250,240,1594,320,727.2,32,19
1,55,250,240,1614,320,727.2,32,19
1,55,260,250,1625,320,727.2,32,19
1,55,230,220,1594,280,752.3,33,1
1,55,230,220,1614,280,752.3,33,1
1,55,230,220,1625,280,752.3,33,1
1,55,250,240,1594,290,803.4,33,3
1,55,250,240,1614,290,803.4,33,3
1,55,260,250,1625,290,803.4,33,3
1,55,160,140,1441,150,193,33,4
1,55,190,180,1461,150,193,33,4
1,55,190,180,1472,150,193,33,4
1,55,240,230,1594,270,680.4,33,5
1,55,240,230,1614,270,680.4,33,5
1,55,240,230,1625,270,680.4,33,5
1,55,250,240,1594,230,639.3,33,7
1,55,250,240,1614,230,639.3,33,7
1,55,260,250,1625,230,639.3,33,7
1,55,280,270,1594,320,820.8,33,9
1,55,280,270,1614,320,820.8,33,9
1,55,280,270,1625,320,820.8,33,9
1,55,150,130,1226,90,118,33,10
1,55,150,130,1244,90,118,33,10
1,55,160,140,1259,90,118,33,10
1,55,240,230,1594,220,576.5,33,11
1,55,250,240,1614,220,576.5,33,11
1,55,260,250,1625,220,576.5,33,11
1,55,190,180,1226,100,133.4,33,12
1,55,190,180,1244,100,133.4,33,12
1,55,190,180,1259,100,133.4,33,12
1,55,260,250,1594,260,713.7,33,13
1,55,270,260,1614,260,713.7,33,13
1,55,270,260,1625,260,713.7,33,13
1,55,250,240,1594,320,729.6,33,15
1,55,260,250,1614,320,729.6,33,15
1,55,260,250,1625,320,729.6,33,15
1,55,190,180,1441,120,157,33,16
1,55,190,180,1461,120,157,33,16
1,55,200,190,1472,120,157,33,16
1,55,260,250,1594,280,701.6,33,17
1,55,260,250,1614,280,701.6,33,17
1,55,260,250,1625,280,701.6,33,17
1,55,260,250,1594,290,804.2,33,19
1,55,260,250,1614,290,804.2,33,19
1,55,260,250,1625,290,804.2,33,19
1,55,180,160,1592,170,235.3,34,1
1,55,190,180,1612,170,235.3,34,1
1,55,200,190,1623,170,235.3,34,1
1,55,210,200,1592,130,182.6,34,3
1,55,210,200,1612,130,182.6,34,3
1,55,230,220,1623,130,182.6,34,3
1,55,240,230,1439,150,184,34,4
1,55,230,220,1459,150,184,34,4
1,55,250,240,1470,150,184,34,4
1,55,210,200,1592,200,262.8,34,5
1,55,210,200,1612,200,262.8,34,5
1,55,210,200,1623,200,262.8,34,5
1,55,270,260,1592,240,317.5,34,7
1,55,280,270,1612,240,317.5,34,7
1,55,280,270,1623,240,317.5,34,7
1,55,260,250,1592,220,288.7,34,9
1,55,270,260,1612,220,288.7,34,9
1,55,270,260,1623,220,288.7,34,9
1,55,90,70,1224,70,88.6,34,10
1,55,90,70,1242,70,88.6,34,10
1,55,90,70,1257,70,88.6,34,10
1,55,240,230,1592,180,243.7,34,11
1,55,240,230,1612,180,243.7,34,11
1,55,250,240,1623,180,243.7,34,11
1,55,120,100,1224,70,87.5,34,12
1,55,120,100,1242,70,87.5,34,12
1,55,130,110,1257,70,87.5,34,12
1,55,290,290,1592,260,344.7,34,13
1,55,300,300,1612,260,344.7,34,13
1,55,290,290,1623,260,344.7,34,13
1,55,70,50,1003,50,58.3,34,14
1,55,260,250,1592,340,439.8,34,15
1,55,260,250,1612,340,439.8,34,15
1,55,260,250,1623,340,439.8,34,15
1,55,200,190,1439,160,213,34,16
1,55,200,190,1459,160,213,34,16
1,55,210,200,1470,160,213,34,16
1,55,240,230,1592,220,295.6,34,17
1,55,240,230,1612,220,295.6,34,17
1,55,250,240,1623,220,295.6,34,17
1,55,270,260,1592,320,422.1,34,19
1,55,270,260,1612,320,422.1,34,19
1,55,260,250,1623,320,422.1,34,19
0,56,160,130,909,220,266,31,1
0,56,160,130,929,220,266,31,1
0,56,240,220,909,210,270.6,31,3
0,56,250,230,929,210,270.6,31,3
0,56,230,210,887,180,232,31,4
0,56,230,210,909,290,362.8,31,5
0,56,230,210,929,290,362.8,31,5
0,56,260,240,909,270,345.5,31,7
0,56,260,240,929,270,345.5,31,7
0,56,240,220,909,210,271.5,31,9
0,56,250,230,929,210,271.5,31,9
0,56,140,110,829,100,118,31,10
0,56,150,120,847,100,118,31,10
0,56,150,120,864,100,118,31,10
0,56,200,170,909,200,258.5,31,11
0,56,210,180,929,200,258.5,31,11
0,56,70,50,829,70,79,31,12
0,56,80,50,847,70,79,31,12
0,56,90,60,864,70,79,31,12
0,56,230,210,909,180,229.5,31,13
0,56,230,210,929,180,229.5,31,13
0,56,190,160,909,180,231.8,31,15
0,56,200,170,929,180,231.8,31,15
0,56,170,140,887,120,165,31,16
0,56,250,230,909,330,414.8,31,17
0,56,260,240,929,330,414.8,31,17
0,56,200,170,909,140,172,31,19
0,56,200,170,929,140,172,31,19
0,56,240,220,1645,270,674.3,32,1
0,56,240,220,1665,270,674.3,32,1
0,56,240,220,1676,270,674.3,32,1
0,56,270,250,1645,260,738.5,32,3
0,56,270,250,1665,260,738.5,32,3
0,56,270,250,1676,260,738.5,32,3
0,56,190,160,1492,160,209,32,4
0,56,190,160,1511,160,209,32,4
0,56,190,160,1523,160,209,32,4
0,56,220,200,1645,230,583.2,32,5
0,56,230,210,1665,230,583.2,32,5
0,56,230,210,1676,230,583.2,32,5
0,56,280,260,1645,280,734.3,32,7
0,56,270,250,1665,280,734.3,32,7
0,56,270,250,1676,280,734.3,32,7
0,56,130,100,1645,110,277.1,32,9
0,56,130,100,1665,110,277.1,32,9
0,56,140,110,1676,110,277.1,32,9
0,56,160,130,1295,110,132,32,10
0,56,170,140,1310,110,132,32,10
0,56,240,220,1645,190,549.6,32,11
0,56,250,230,1665,190,549.6,32,11
0,56,250,230,1676,190,549.6,32,11
0,56,170,140,1277,100,120,32,12
0,56,180,150,1295,100,120,32,12
0,56,190,160,1310,100,120,32,12
0,56,280,260,1645,250,637.4,32,13
0,56,280,260,1665,250,637.4,32,13
0,56,270,250,1676,250,637.4,32,13
0,56,260,240,1645,250,637.2,32,15
0,56,260,240,1665,250,637.2,32,15
0,56,260,240,1676,250,637.2,32,15
0,56,170,140,1492,130,176,32,16
0,56,170,140,1511,130,176,32,16
0,56,190,160,1523,130,176,32,16
0,56,250,230,1645,270,688.8,32,17
0,56,240,220,1665,270,688.8,32,17
0,56,240,220,1676,270,688.8,32,17
0,56,270,250,1645,320,727.2,32,19
0,56,270,250,1665,320,727.2,32,19
0,56,270,250,1676,320,727.2,32,19
0,56,230,210,1645,280,752.3,33,1
0,56,240,220,1665,280,752.3,33,1
0,56,230,210,1676,280,752.3,33,1
0,56,270,250,1645,290,803.4,33,3
0,56,270,250,1665,290,803.4,33,3
0,56,270,250,1676,290,803.4,33,3
0,56,200,170,1492,150,193,33,4
0,56,200,170,1511,150,193,33,4
0,56,200,170,1523,150,193,33,4
0,56,240,220,1645,270,680.4,33,5
0,56,250,230,1665,270,680.4,33,5
0,56,240,220,1676,270,680.4,33,5
0,56,260,240,1645,230,639.3,33,7
0,56,260,240,1665,230,639.3,33,7
0,56,250,230,1676,230,639.3,33,7
0,56,280,260,1645,320,820.8,33,9
0,56,270,250,1665,320,820.8,33,9
0,56,280,260,1676,320,820.8,33,9
0,56,170,140,1277,90,118,33,10
0,56,170,140,1295,90,118,33,10
0,56,170,140,1310,90,118,33,10
0,56,260,240,1645,220,576.5,33,11
0,56,270,250,1665,220,576.5,33,11
0,56,260,240,1676,220,576.5,33,11
0,56,200,170,1277,100,133.4,33,12
0,56,200,170,1295,100,133.4,33,12
0,56,190,160,1310,100,133.4,33,12
0,56,270,250,1645,260,713.7,33,13
0,56,270,250,1665,260,713.7,33,13
0,56,270,250,1676,260,713.7,33,13
0,56,270,250,1645,320,729.6,33,15
0,56,270,250,1665,320,729.6,33,15
0,56,270,250,1676,320,729.6,33,15
0,56,210,180,1492,120,157,33,16
0,56,210,180,1511,120,157,33,16
0,56,220,200,1523,120,157,33,16
0,56,270,250,1645,280,701.6,33,17
0,56,260,240,1665,280,701.6,33,17
0,56,260,240,1676,280,701.6,33,17
0,56,260,240,1645,290,804.2,33,19
0,56,260,240,1665,290,804.2,33,19
0,56,260,240,1676,290,804.2,33,19
0,56,210,180,1643,170,235.3,34,1
0,56,210,180,1663,170,235.3,34,1
0,56,210,180,1674,170,235.3,34,1
0,56,240,220,1643,130,182.6,34,3
0,56,230,210,1663,130,182.6,34,3
0,56,240,220,1674,130,182.6,34,3
0,56,250,230,1490,150,184,34,4
0,56,250,230,1509,150,184,34,4
0,56,260,240,1521,150,184,34,4
0,56,220,200,1643,200,262.8,34,5
0,56,220,200,1663,200,262.8,34,5
0,56,220,200,1674,200,262.8,34,5
0,56,280,260,1643,240,317.5,34,7
0,56,290,270,1663,240,317.5,34,7
0,56,280,260,1674,240,317.5,34,7
0,56,280,260,1643,220,288.7,34,9
0,56,280,260,1663,220,288.7,34,9
0,56,270,250,1674,220,288.7,34,9
0,56,110,80,1275,70,88.6,34,10
0,56,110,80,1293,70,88.6,34,10
0,56,120,90,1308,70,88.6,34,10
0,56,260,240,1643,180,243.7,34,11
0,56,260,240,1663,180,243.7,34,11
0,56,260,240,1674,180,243.7,34,11
0,56,140,110,1275,70,87.5,34,12
0,56,140,110,1293,70,87.5,34,12
0,56,150,120,1308,70,87.5,34,12
0,56,290,270,1643,260,344.7,34,13
0,56,290,270,1663,260,344.7,34,13
0,56,290,270,1674,260,344.7,34,13
0,56,270,250,1643,340,439.8,34,15
0,56,270,250,1663,340,439.8,34,15
0,56,270,250,1674,340,439.8,34,15
0,56,220,200,1490,160,213,34,16
0,56,220,200,1509,160,213,34,16
0,56,240,220,1521,160,213,34,16
0,56,260,240,1643,220,295.6,34,17
0,56,260,240,1663,220,295.6,34,17
0,56,250,230,1674,220,295.6,34,17
0,56,270,250,1643,320,422.1,34,19
0,56,270,250,1663,320,422.1,34,19
0,56,270,250,1674,320,422.1,34,19
